AphiaID,Superdomain_name,Superdomain_AphiaID,Domain_name,Domain_AphiaID,Kingdom_name,Kingdom_AphiaID,Subkingdom_name,Subkingdom_AphiaID,Superphylum_name,Superphylum_AphiaID,Phylum_name,Phylum_AphiaID,Subphylum_name,Subphylum_AphiaID,Infraphylum_name,Infraphylum_AphiaID,Parvphylum_name,Parvphylum_AphiaID,Superclass_name,Superclass_AphiaID,Class_name,Class_AphiaID,Subclass_name,Subclass_AphiaID,Infraclass_name,Infraclass_AphiaID,Subterclass_name,Subterclass_AphiaID,Superorder_name,Superorder_AphiaID,Order_name,Order_AphiaID,Suborder_name,Suborder_AphiaID,Infraorder_name,Infraorder_AphiaID,Section_name,Section_AphiaID,Subsection_name,Subsection_AphiaID,Superfamily_name,Superfamily_AphiaID,Family_name,Family_AphiaID,Subfamily_name,Subfamily_AphiaID,Tribe_name,Tribe_AphiaID,Genus_name,Genus_AphiaID,Subgenus_name,Subgenus_AphiaID,Species_name,Species_AphiaID
1,,,,,Animalia,2,,,,,Cnidaria,1267,Anthozoa,1292.0,,,,,,,Hexacorallia,1340.0,,,,,,,,,Ceriantharia,1361.0,Penicillaria,366466.0,,,,,,,,,Arachnactidae,100682.0,,,,,,,,,,
1,,,,,Animalia,2,,,,,Chordata,1821,Vertebrata,146419.0,Gnathostomata,1828.0,Chondrichthyes,1517375.0,,,Elasmobranchii,10193.0,Neoselachii,368407.0,Batoidea,368409.0,,,,,Myliobatiformes,196069.0,,,,,,,,,,,Urotrygonidae,397229.0,,,,,Urobatis,271193.0,,,Urobatis pardalis,1006825.0
1,,,,,Animalia,2,,,,,Cnidaria,1267,Anthozoa,1292.0,,,,,,,Hexacorallia,1340.0,,,,,,,,,Actiniaria,1360.0,Enthemonae,888371.0,,,,,,,Actinioidea,853973.0,Actiniidae,100653.0,,,,,Urticina,100706.0,,,,
1,,,,,Animalia,2,,,,,Cnidaria,1267,Anthozoa,1292.0,,,,,,,Hexacorallia,1340.0,,,,,,,,,Actiniaria,1360.0,Enthemonae,888371.0,,,,,,,Metridioidea,854224.0,Andvakiidae,100659.0,,,,,Telmatactis,100766.0,,,,
1,,,,,Animalia,2,,,,,Cnidaria,1267,Anthozoa,1292.0,,,,,,,Hexacorallia,1340.0,,,,,,,,,Actiniaria,1360.0,Enthemonae,888371.0,,,,,,,Metridioidea,854224.0,Metridiidae,100678.0,,,,,Metridium,100770.0,,,,
1,,,,,Animalia,2,,,,,Cnidaria,1267,Anthozoa,1292.0,,,,,,,Hexacorallia,1340.0,,,,,,,,,Actiniaria,1360.0,Enthemonae,888371.0,,,,,,,Actinioidea,853973.0,Actiniidae,100653.0,,,,,Anemonia,100695.0,,,Anemonia viridis,100808.0
1,,,,,Animalia,2,,,,,Cnidaria,1267,Anthozoa,1292.0,,,,,,,Hexacorallia,1340.0,,,,,,,,,Actiniaria,1360.0,Enthemonae,888371.0,,,,,,,Actinioidea,853973.0,Actiniidae,100653.0,,,,,Urticina,100706.0,,,Urticina eques,100833.0
1,,,,,Animalia,2,,,,,Chordata,1821,Vertebrata,146419.0,Gnathostomata,1828.0,Chondrichthyes,1517375.0,,,Elasmobranchii,10193.0,Neoselachii,368407.0,Batoidea,368409.0,,,,,Myliobatiformes,196069.0,,,,,,,,,,,Mobulidae,196070.0,,,,,Mobula,105756.0,,,Mobula birostris,1026118.0
1,,,,,Animalia,2,,,,,Arthropoda,1065,Crustacea,1066.0,,,,,Multicrustacea,845959.0,Thecostraca,22388.0,Cirripedia,1082.0,Thoracica,1107.0,,,Thoracicalcarea,1422167.0,Balanomorpha,106039.0,,,,,,,,,Chthamaloidea,106042.0,Catophragmidae,733041.0,,,,,Catolasmus,739445.0,,,Catolasmus pilsbryi,1039511.0
1,,,,,Animalia,2,,,,,Chordata,1821,Vertebrata,146419.0,Gnathostomata,1828.0,Chondrichthyes,1517375.0,,,Elasmobranchii,10193.0,Neoselachii,368407.0,Batoidea,368409.0,,,,,Myliobatiformes,196069.0,,,,,,,,,,,Dasyatidae,105708.0,,,,,Hypanus,1042855.0,,,Hypanus longus,1042860.0
1,,,,,Animalia,2,,,,,Chordata,1821,Vertebrata,146419.0,Gnathostomata,1828.0,Chondrichthyes,1517375.0,,,Elasmobranchii,10193.0,Neoselachii,368407.0,Selachii,368408.0,,,Galeomorphi,368410.0,Carcharhiniformes,10210.0,,,,,,,,,,,Carcharhinidae,105689.0,,,,,Carcharhinus,105719.0,,,Carcharhinus leucas,105792.0
1,,,,,Animalia,2,,,,,Ctenophora,1248,,,,,,,,,Tentaculata,1249.0,,,,,,,,,Lobata,1258.0,,,,,,,,,,,Bolinopsidae,106325.0,,,,,,,,,,
1,,,,,Animalia,2,,,,,Arthropoda,1065,Crustacea,1066.0,,,,,Multicrustacea,845959.0,Malacostraca,1071.0,Eumalacostraca,1086.0,,,,,Eucarida,1089.0,Decapoda,1130.0,Pleocyemata,106670.0,Brachyura,106673.0,Eubrachyura,106679.0,Thoracotremata,106682.0,Grapsoidea,106706.0,Plagusiidae,240969.0,,,,,Plagusia,106967.0,,,Plagusia depressa,107459.0
1,,,,,Animalia,2,,,,,Mollusca,51,,,,,,,,,Cephalopoda,11707.0,Coleoidea,11709.0,,,,,Octopodiformes,325343.0,Octopoda,11718.0,,,,,,,,,,,,,,,,,,,,,,
1,,,,,Animalia,2,,,,,Cnidaria,1267,Medusozoa,1740301.0,,,,,,,Hydrozoa,1337.0,Hydroidolina,19494.0,,,,,,,Anthoathecata,13551.0,Capitata,16351.0,,,,,,,,,Pennariidae,22787.0,,,,,Pennaria,117190.0,,,,
1,,,,,Animalia,2,,,,,Cnidaria,1267,Medusozoa,1740301.0,,,,,,,Hydrozoa,1337.0,Hydroidolina,19494.0,,,,,,,Leptothecata,13552.0,,,,,,,,,Plumularioidea,731048.0,Aglaopheniidae,1605.0,,,,,Macrorhynchia,117003.0,,,Macrorhynchia philippina,117305.0
1,,,,,Animalia,2,,,,,Cnidaria,1267,Medusozoa,1740301.0,,,,,,,Hydrozoa,1337.0,Hydroidolina,19494.0,,,,,,,Anthoathecata,13551.0,Capitata,16351.0,,,,,,,,,Pennariidae,22787.0,,,,,Pennaria,117190.0,,,Pennaria disticha,117802.0
1,,,,,Animalia,2,,,,,Echinodermata,1806,Asterozoa,148743.0,,,,,,,Asteroidea,123080.0,,,,,,,,,,,,,,,,,,,,,,,,,,,,,,,,
1,,,,,Animalia,2,,,,,Echinodermata,1806,Echinozoa,148744.0,,,,,,,Holothuroidea,123083.0,,,,,,,,,,,,,,,,,,,,,,,,,,,,,,,,
1,,,,,Animalia,2,,,,,Echinodermata,1806,Asterozoa,148743.0,,,,,,,Ophiuroidea,123084.0,,,,,,,,,,,,,,,,,,,,,,,,,,,,,,,,
1,,,,,Animalia,2,,,,,Echinodermata,1806,Echinozoa,148744.0,,,,,,,Holothuroidea,123083.0,Actinopoda,1393249.0,,,,,,,Dendrochirotida,123111.0,,,,,,,,,,,,,,,,,,,,,,
1,,,,,Animalia,2,,,,,Echinodermata,1806,Echinozoa,148744.0,,,,,,,Echinoidea,123082.0,Euechinoidea,149854.0,Carinacea,510517.0,Echinacea,149855.0,,,Camarodonta,510518.0,,,Echinidea,510534.0,,,,,Odontophora,510604.0,Toxopneustidae,123179.0,,,,,,,,,,
1,,,,,Animalia,2,,,,,Echinodermata,1806,Echinozoa,148744.0,,,,,,,Echinoidea,123082.0,Euechinoidea,149854.0,Carinacea,510517.0,Echinacea,149855.0,,,Camarodonta,510518.0,,,Echinidea,510534.0,,,,,Odontophora,510604.0,Strongylocentrotidae,123161.0,,,,,Strongylocentrotus,123390.0,,,,
1,,,,,Animalia,2,,,,,Echinodermata,1806,Echinozoa,148744.0,,,,,,,Holothuroidea,123083.0,Actinopoda,1393249.0,,,,,,,Holothuriida,1036233.0,,,,,,,,,,,Holothuriidae,731943.0,,,,,Holothuria,123456.0,,,,
1,,,,,Animalia,2,,,,,Echinodermata,1806,Asterozoa,148743.0,,,,,,,Asteroidea,123080.0,Ambuloasteroidea,1562575.0,Neoasteroidea,1562576.0,,,Forcipulatacea,582527.0,Forcipulatida,123086.0,,,,,,,,,,,Asteriidae,123121.0,,,,,Coscinasterias,123220.0,,,Coscinasterias tenuispina,123795.0
1,,,,,Animalia,2,,,,,Echinodermata,1806,Echinozoa,148744.0,,,,,,,Echinoidea,123082.0,Euechinoidea,149854.0,Carinacea,510517.0,Echinacea,149855.0,,,Camarodonta,510518.0,,,Echinidea,510534.0,,,,,,,Parechinidae,510797.0,,,,,Paracentrotus,123387.0,,,Paracentrotus lividus,124316.0
1,,,,,Animalia,2,,,,,Echinodermata,1806,Echinozoa,148744.0,,,,,,,Echinoidea,123082.0,Euechinoidea,149854.0,Aulodonta,510502.0,,,Diadematacea,152528.0,Diadematoida,510522.0,,,,,,,,,,,Diadematidae,123163.0,,,,,Diadema,123395.0,,,Diadema antillarum,124332.0
1,,,,,Animalia,2,,,,,Echinodermata,1806,Echinozoa,148744.0,,,,,,,Holothuroidea,123083.0,Paractinopoda,1393260.0,,,,,,,Apodida,123108.0,,,,,,,,,,,Synaptidae,123182.0,,,,,Euapta,123447.0,,,Euapta lappa,124454.0
1,,,,,Animalia,2,,,,,Echinodermata,1806,Echinozoa,148744.0,,,,,,,Holothuroidea,123083.0,Actinopoda,1393249.0,,,,,,,Holothuriida,1036233.0,,,,,,,,,,,Holothuriidae,731943.0,,,,,Holothuria,123456.0,Holothuria (Thymiosycia),123658.0,Holothuria (Thymiosycia) impatiens,125185.0
1,,,,,Animalia,2,,,,,Cnidaria,1267,Anthozoa,1292.0,,,,,,,Octocorallia,1341.0,,,,,,,,,Malacalcyonacea,1609357.0,,,,,,,,,,,Plexauridae,125277.0,,,,,,,,,,
1,,,,,Animalia,2,,,,,Cnidaria,1267,Anthozoa,1292.0,,,,,,,Octocorallia,1341.0,,,,,,,,,Malacalcyonacea,1609357.0,,,,,,,,,,,Gorgoniidae,125275.0,,,,,Leptogorgia,125302.0,,,,
1,,,,,Animalia,2,,,,,Chordata,1821,Vertebrata,146419.0,Gnathostomata,1828.0,Osteichthyes,152352.0,Actinopteri,843664.0,Teleostei,293496.0,,,,,,,,,Aulopiformes,10308.0,,,,,,,,,,,Synodontidae,125449.0,,,,,,,,,,
1,,,,,Animalia,2,,,,,Chordata,1821,Vertebrata,146419.0,Gnathostomata,1828.0,Osteichthyes,152352.0,Actinopteri,843664.0,Teleostei,293496.0,,,,,,,,,Lophiiformes,10316.0,,,,,,,,,,,Antennariidae,125484.0,,,,,,,,,,
1,,,,,Animalia,2,,,,,Chordata,1821,Vertebrata,146419.0,Gnathostomata,1828.0,Osteichthyes,152352.0,Actinopteri,843664.0,Teleostei,293496.0,,,,,,,,,Carangiformes,1517532.0,,,,,,,,,,,Carangidae,125523.0,,,,,,,,,,
1,,,,,Animalia,2,,,,,Chordata,1821,Vertebrata,146419.0,Gnathostomata,1828.0,Osteichthyes,152352.0,Actinopteri,843664.0,Teleostei,293496.0,,,,,,,,,Centrarchiformes,1517557.0,,,,,,,,,,,Kyphosidae,125540.0,,,,,,,,,,
1,,,,,Animalia,2,,,,,Cnidaria,1267,Anthozoa,1292.0,,,,,,,Hexacorallia,1340.0,,,,,,,,,Actiniaria,1360.0,Enthemonae,888371.0,,,,,,,Metridioidea,854224.0,Aiptasiidae,100656.0,,,,,Exaiptasia,888636.0,,,Exaiptasia diaphana,1264073.0
1,,,,,Animalia,2,,,,,Chordata,1821,Vertebrata,146419.0,Gnathostomata,1828.0,Osteichthyes,152352.0,Actinopteri,843664.0,Teleostei,293496.0,,,,,,,,,Blenniiformes,1517542.0,,,,,,,,,,,Blenniidae,125519.0,Salariinae,710670.0,,,Parablennius,125920.0,,,Parablennius parvicornis,126772.0
1,,,,,Animalia,2,,,,,Chordata,1821,Vertebrata,146419.0,Gnathostomata,1828.0,Osteichthyes,152352.0,Actinopteri,843664.0,Teleostei,293496.0,,,,,,,,,Eupercaria incertae sedis,1517577.0,,,,,,,,,,,Labridae,125541.0,,,,,Thalassoma,126024.0,,,Thalassoma pavo,126970.0
1,,,,,Animalia,2,,,,,Chordata,1821,Vertebrata,146419.0,Gnathostomata,1828.0,Osteichthyes,152352.0,Actinopteri,843664.0,Teleostei,293496.0,,,,,,,,,Tetraodontiformes,10332.0,,,,,,,,,,,Diodontidae,125608.0,,,,,Diodon,126231.0,,,Diodon holocanthus,127402.0
1,,,,,Animalia,2,,,,,Chordata,1821,Vertebrata,146419.0,Gnathostomata,1828.0,Osteichthyes,152352.0,Actinopteri,843664.0,Teleostei,293496.0,,,,,,,,,Tetraodontiformes,10332.0,,,,,,,,,,,Diodontidae,125608.0,,,,,Diodon,126231.0,,,Diodon hystrix,127403.0
1,,,,,Animalia,2,,,,,Cnidaria,1267,Anthozoa,1292.0,,,,,,,,,,,,,,,,,,,,,,,,,,,,,,,,,,,,,,,,
1,,,,,Animalia,2,,,,,Chordata,1821,Vertebrata,146419.0,Gnathostomata,1828.0,Chondrichthyes,1517375.0,,,Elasmobranchii,10193.0,Neoselachii,368407.0,Batoidea,368409.0,,,,,Myliobatiformes,196069.0,,,,,,,,,,,Potamotrygonidae,148834.0,Styracurinae,1297573.0,,,Styracura,1297574.0,,,Styracura pacifica,1297576.0
1,,,,,Animalia,2,,,,,Annelida,882,,,,,,,,,Polychaeta,883.0,Errantia,754174.0,,,,,,,Amphinomida,893.0,,,,,,,,,,,Amphinomidae,960.0,Amphinominae,863342.0,,,Hermodice,129187.0,,,Hermodice carunculata,129831.0
1,,,,,Animalia,2,,,,,Arthropoda,1065,Chelicerata,1274.0,,,,,,,Pycnogonida,1302.0,,,,,,,,,,,,,,,,,,,,,,,,,,,,,,,,
1,,,,,Animalia,2,,,,,Porifera,558,,,,,,,,,Demospongiae,164811.0,Heteroscleromorpha,607950.0,,,,,,,Poecilosclerida,131599.0,,,,,,,,,,,Microcionidae,131641.0,,,,,,,,,,
1,,,,,Animalia,2,,,,,Porifera,558,,,,,,,,,Demospongiae,164811.0,Heteroscleromorpha,607950.0,,,,,,,Haplosclerida,131598.0,,,,,,,,,,,Chalinidae,131636.0,,,,,Haliclona,131834.0,,,,
1,,,,,Animalia,2,,,,,Porifera,558,,,,,,,,,Demospongiae,164811.0,Heteroscleromorpha,607950.0,,,,,,,Poecilosclerida,131599.0,,,,,,,,,,,Microcionidae,131641.0,Microcioninae,167457.0,,,Clathria,131868.0,,,,
1,,,,,Animalia,2,,,,,Porifera,558,,,,,,,,,Demospongiae,164811.0,Heteroscleromorpha,607950.0,,,,,,,Clionaida,845506.0,,,,,,,,,,,Placospongiidae,131672.0,,,,,Placospongia,132044.0,,,,
1,,,,,Animalia,2,,,,,Cnidaria,1267,Anthozoa,1292.0,,,,,,,Hexacorallia,1340.0,,,,,,,,,Scleractinia,1363.0,Vacatina,1517259.0,,,,,,,,,Caryophylliidae,135073.0,,,,,Caryophyllia,135085.0,,,,
1,,,,,Animalia,2,,,,,Cnidaria,1267,Anthozoa,1292.0,,,,,,,Hexacorallia,1340.0,,,,,,,,,Scleractinia,1363.0,Refertina,1517258.0,,,,,,,,,Dendrophylliidae,135074.0,,,,,Balanophyllia,135108.0,Balanophyllia (Balanophyllia),509950.0,Balanophyllia (Balanophyllia) regia,135181.0
1,,,,,Animalia,2,,,,,Cnidaria,1267,Medusozoa,1740301.0,,,,,,,Hydrozoa,1337.0,Hydroidolina,19494.0,,,,,,,Siphonophorae,1371.0,Cystonectae,135334.0,,,,,,,,,Physaliidae,135342.0,,,,,Physalia,135382.0,,,Physalia physalis,135479.0
1,,,,,Animalia,2,,,,,Cnidaria,1267,Anthozoa,1292.0,,,,,,,Hexacorallia,1340.0,,,,,,,,,Actiniaria,1360.0,,,,,,,,,,,,,,,,,,,,,,
1,,,,,Animalia,2,,,,,Chordata,1821,Vertebrata,146419.0,Gnathostomata,1828.0,,,Reptilia,1838.0,,,,,,,,,,,Testudines,2689.0,Cryptodira,148741.0,,,,,,,Chelonioidea,987094.0,Cheloniidae,136999.0,,,,,Chelonia,137067.0,,,Chelonia mydas,137206.0
1,,,,,Animalia,2,,,,,Chordata,1821,Vertebrata,146419.0,Gnathostomata,1828.0,,,Reptilia,1838.0,,,,,,,,,,,Testudines,2689.0,Cryptodira,148741.0,,,,,,,Chelonioidea,987094.0,Cheloniidae,136999.0,,,,,Eretmochelys,137068.0,,,Eretmochelys imbricata,137207.0
1,,,,,Animalia,2,,,,,Chordata,1821,Tunicata,146420.0,,,,,,,Thaliacea,22626.0,,,,,,,,,Pyrosomatida,137213.0,,,,,,,,,,,,,,,,,,,,,,
1,,,,,Animalia,2,,,,,Chordata,1821,Tunicata,146420.0,,,,,,,Thaliacea,22626.0,,,,,,,,,Pyrosomatida,137213.0,,,,,,,,,,,Pyrosomatidae,137216.0,Pyrosomatinae,719849.0,,,Pyrosoma,137224.0,,,,
1,,,,,Animalia,2,,,,,Mollusca,51,,,,,,,,,Gastropoda,101.0,Heterobranchia,14712.0,Euthyneura,1057247.0,Tectipleura,1057250.0,,,Aplysiida,1058953.0,,,,,,,,,Aplysioidea,225490.0,Aplysiidae,172.0,,,,,Aplysia,137654.0,,,,
1,,,,,Animalia,2,,,,,Mollusca,51,,,,,,,,,Gastropoda,101.0,Heterobranchia,14712.0,Euthyneura,1057247.0,Ringipleura,1057249.0,Nudipleura,411966.0,Nudibranchia,1762.0,Cladobranchia,827889.0,,,,,,,Fionoidea,412646.0,Eubranchidae,193.0,,,,,Eubranchus,137954.0,,,,
1,,,,,Animalia,2,,,,,Mollusca,51,,,,,,,,,Cephalopoda,11707.0,Coleoidea,11709.0,,,,,Octopodiformes,325343.0,Octopoda,11718.0,Incirrata,11733.0,,,,,,,Octopodoidea,14672.0,Octopodidae,11782.0,,,,,Octopus,138268.0,,,,
1,,,,,Animalia,2,,,,,Mollusca,51,,,,,,,,,Bivalvia,105.0,Autobranchia,1424948.0,Pteriomorphia,206.0,,,,,Pectinida,387324.0,,,,,,,,,Pectinoidea,151320.0,Spondylidae,23121.0,,,,,Spondylus,138518.0,,,,
1,,,,,Animalia,2,,,,,Mollusca,51,,,,,,,,,Gastropoda,101.0,Heterobranchia,14712.0,Euthyneura,1057247.0,Tectipleura,1057250.0,,,Aplysiida,1058953.0,,,,,,,,,Aplysioidea,225490.0,Aplysiidae,172.0,,,,,Aplysia,137654.0,,,Aplysia dactylomela,138753.0
1,,,,,Animalia,2,,,,,Mollusca,51,,,,,,,,,Gastropoda,101.0,Heterobranchia,14712.0,Euthyneura,1057247.0,Tectipleura,1057250.0,,,Aplysiida,1058953.0,,,,,,,,,Aplysioidea,225490.0,Aplysiidae,172.0,,,,,Aplysia,137654.0,,,Aplysia punctata,138758.0
1,,,,,Animalia,2,,,,,Mollusca,51,,,,,,,,,Gastropoda,101.0,Vetigastropoda,156485.0,,,,,,,Lepetellida,1052447.0,,,,,,,,,Haliotoidea,156488.0,Haliotidae,1727.0,,,,,Haliotis,138050.0,,,Haliotis tuberculata,140059.0
1,,,,,Animalia,2,,,,,Arthropoda,1065,Crustacea,1066.0,,,,,Multicrustacea,845959.0,Malacostraca,1071.0,Hoplocarida,1087.0,,,,,,,Stomatopoda,14355.0,,,,,,,,,,,,,,,,,,,,,,
1,,,,,Animalia,2,,,,,Mollusca,51,,,,,,,,,Gastropoda,101.0,Caenogastropoda,224570.0,,,,,,,Littorinimorpha,382213.0,,,,,,,,,Naticoidea,14776.0,Naticidae,145.0,,,,,,,,,,
1,,,,,Animalia,2,,,,,Chordata,1821,Tunicata,146420.0,,,,,,,Ascidiacea,1839.0,,,,,,,,,Phlebobranchia,103435.0,,,,,,,,,,,Ascidiidae,103443.0,,,,,Ascidia,103483.0,,,Ascidia sideralis,1475481.0
1,,,,,Animalia,2,,,,,Echinodermata,1806,Echinozoa,148744.0,,,,,,,Echinoidea,123082.0,Euechinoidea,149854.0,Carinacea,510517.0,Echinacea,149855.0,,,,,,,,,,,,,,,,,,,,,,,,,,
1,,,,,Animalia,2,,,,,Arthropoda,1065,Chelicerata,1274.0,,,,,,,Pycnogonida,1302.0,,,,,,,,,Pantopoda,1358.0,Eupantopodida,379601.0,,,,,,,Ammotheoidea,1702219.0,Ammotheidae,1562.0,,,,,,,,,,
1,,,,,Animalia,2,,,,,Chordata,1821,Vertebrata,146419.0,Gnathostomata,1828.0,Osteichthyes,152352.0,Actinopteri,843664.0,Teleostei,293496.0,,,,,,,,,Ovalentaria incertae sedis,1517546.0,,,,,,,,,,,Pomacentridae,125553.0,,,,,Azurina,268472.0,,,Azurina atrilobata,1580692.0
1,,,,,Animalia,2,,,,,Chordata,1821,Vertebrata,146419.0,Gnathostomata,1828.0,Osteichthyes,152352.0,Actinopteri,843664.0,Teleostei,293496.0,,,,,,,,,Perciformes,11014.0,Percoidei,151751.0,,,,,,,,,Serranidae,125561.0,,,,,Diplectrum,159349.0,,,Diplectrum formosum,159350.0
1,,,,,Animalia,2,,,,,Chordata,1821,Vertebrata,146419.0,Gnathostomata,1828.0,Osteichthyes,152352.0,Actinopteri,843664.0,Teleostei,293496.0,,,,,,,,,Perciformes,11014.0,Scorpaenoidei,154247.0,,,,,,,,,Scorpaenidae,125595.0,Pteroinae,154410.0,,,Pterois,204051.0,,,Pterois volitans,159559.0
1,,,,,Animalia,2,,,,,Chordata,1821,Vertebrata,146419.0,Gnathostomata,1828.0,Osteichthyes,152352.0,Actinopteri,843664.0,Teleostei,293496.0,,,,,,,,,Acanthuriformes,1517548.0,,,,,,,,,,,Acanthuridae,125515.0,,,,,Acanthurus,125908.0,,,Acanthurus coeruleus,159581.0
1,,,,,Animalia,2,,,,,Chordata,1821,Vertebrata,146419.0,Gnathostomata,1828.0,Osteichthyes,152352.0,Actinopteri,843664.0,Teleostei,293496.0,,,,,,,,,Eupercaria incertae sedis,1517577.0,,,,,,,,,,,Labridae,125541.0,,,,,Thalassoma,126024.0,,,Thalassoma bifasciatum,159786.0
1,,,,,Animalia,2,,,,,Chordata,1821,Vertebrata,146419.0,Gnathostomata,1828.0,Osteichthyes,152352.0,Actinopteri,843664.0,Teleostei,293496.0,,,,,,,,,Eupercaria incertae sedis,1517577.0,,,,,,,,,,,Lutjanidae,151453.0,,,,,Lutjanus,159791.0,,,Lutjanus griseus,159797.0
1,,,,,Animalia,2,,,,,Porifera,558,,,,,,,,,Demospongiae,164811.0,,,,,,,,,,,,,,,,,,,,,,,,,,,,,,,,
1,,,,,Animalia,2,,,,,Porifera,558,,,,,,,,,Demospongiae,164811.0,Heteroscleromorpha,607950.0,,,,,,,Suberitida,845509.0,,,,,,,,,,,Halichondriidae,131633.0,,,,,Halichondria,131807.0,Halichondria (Halichondria),165790.0,Halichondria (Halichondria) panicea,165853.0
1,,,,,Animalia,2,,,,,Porifera,558,,,,,,,,,Demospongiae,164811.0,Verongimorpha,597811.0,,,,,,,Verongiida,845402.0,,,,,,,,,,,Aplysinidae,131660.0,,,,,Aplysina,131975.0,,,Aplysina gerardogreeni,169650.0
1,,,,,Animalia,2,,,,,Porifera,558,,,,,,,,,Demospongiae,164811.0,Heteroscleromorpha,607950.0,,,,,,,Clionaida,845506.0,,,,,,,,,,,Clionaidae,170417.0,,,,,Cliona,132026.0,,,Cliona tenuis,170478.0
1,,,,,Animalia,2,,,,,Cnidaria,1267,Medusozoa,1740301.0,,,,,,,Staurozoa,265044.0,,,,,,,,,Stauromedusae,135226.0,Myostaurida,875440.0,,,,,,,,,Haliclystidae,880517.0,,,,,Haliclystus,135275.0,,,Haliclystus sanjuanensis,1718121.0
1,,,,,Animalia,2,,,,,Chordata,1821,Vertebrata,146419.0,Gnathostomata,1828.0,Osteichthyes,152352.0,Actinopteri,843664.0,Teleostei,293496.0,,,,,,,,,Perciformes,11014.0,Percoidei,151751.0,,,,,,,,,Epinephelidae,1776907.0,,,,,Cephalopholis,206732.0,,,Cephalopholis colonus,1750630.0
1,,,,,Animalia,2,,,,,Mollusca,51,,,,,,,,,Bivalvia,105.0,Autobranchia,1424948.0,Pteriomorphia,206.0,,,,,Ostreida,1774.0,,,,,,,,,,,,,,,,,,,,,,
1,,,,,Animalia,2,,,,,Cnidaria,1267,Anthozoa,1292.0,,,,,,,Octocorallia,1341.0,,,,,,,,,Malacalcyonacea,1609357.0,,,,,,,,,,,Plexauridae,125277.0,,,,,Muricea,177745.0,,,,
1,,,,,Animalia,2,,,,,Mollusca,51,,,,,,,,,Bivalvia,105.0,Autobranchia,1424948.0,Pteriomorphia,206.0,,,,,Limida,1777.0,,,,,,,,,Limoidea,246153.0,Limidae,1778.0,,,,,,,,,,
1,,,,,Animalia,2,,,,,Echinodermata,1806,Asterozoa,148743.0,,,,,,,Asteroidea,123080.0,Ambuloasteroidea,1562575.0,Neoasteroidea,1562576.0,,,Spinulosacea,582529.0,Spinulosida,123089.0,,,,,,,,,,,Echinasteridae,123132.0,,,,,Echinaster,123275.0,Echinaster (Othilia),146068.0,Echinaster (Othilia) spinulosus,178754.0
1,,,,,Animalia,2,,,,,Echinodermata,1806,Echinozoa,148744.0,,,,,,,Echinoidea,123082.0,Euechinoidea,149854.0,Carinacea,510517.0,Echinacea,149855.0,,,Camarodonta,510518.0,,,Echinidea,510534.0,,,,,Odontophora,510604.0,Echinometridae,179653.0,,,,,Echinometra,179659.0,,,,
1,,,,,Animalia,2,,,,,Mollusca,51,,,,,,,,,Gastropoda,101.0,Heterobranchia,14712.0,Euthyneura,1057247.0,Ringipleura,1057249.0,Nudipleura,411966.0,Pleurobranchida,1059020.0,,,,,,,,,Pleurobranchoidea,412548.0,Pleurobranchidae,1755.0,,,,,Pleurobranchus,138364.0,,,Pleurobranchus areolatus,181218.0
1,,,,,Animalia,2,,,,,Chordata,1821,Vertebrata,146419.0,Gnathostomata,1828.0,Osteichthyes,152352.0,Actinopteri,843664.0,Teleostei,293496.0,,,,,,,,,Ovalentaria incertae sedis,1517546.0,,,,,,,,,,,Pomacentridae,125553.0,,,,,Stegastes,203822.0,,,,
1,,,,,Animalia,2,,,,,Cnidaria,1267,Medusozoa,1740301.0,,,,,,,Hydrozoa,1337.0,Hydroidolina,19494.0,,,,,,,Anthoathecata,13551.0,Capitata,16351.0,,,,,,,,,Milleporidae,196235.0,,,,,Millepora,205902.0,,,,
1,,,,,Animalia,2,,,,,Annelida,882,,,,,,,,,Polychaeta,883.0,Sedentaria,754175.0,Canalipalpata,154974.0,,,,,Sabellida,901.0,,,,,,,,,,,Sabellidae,985.0,Sabellinae,154917.0,,,Sabellastarte,206071.0,,,,
1,,,,,Animalia,2,,,,,Annelida,882,,,,,,,,,Polychaeta,883.0,Errantia,754174.0,,,,,,,Phyllodocida,892.0,Aphroditiformia,927.0,,,,,,,,,Iphionidae,155222.0,,,,,Iphione,206125.0,,,,
1,,,,,Animalia,2,,,,,Cnidaria,1267,Anthozoa,1292.0,,,,,,,Hexacorallia,1340.0,,,,,,,,,Scleractinia,1363.0,Refertina,1517258.0,,,,,,,,,Poritidae,196105.0,,,,,Porites,206485.0,,,,
1,,,,,Animalia,2,,,,,Cnidaria,1267,Anthozoa,1292.0,,,,,,,Hexacorallia,1340.0,,,,,,,,,Scleractinia,1363.0,Refertina,1517258.0,,,,,,,,,Agariciidae,196096.0,,,,,Pavona,206614.0,,,,
1,,,,,Animalia,2,,,,,Chordata,1821,Vertebrata,146419.0,Gnathostomata,1828.0,Osteichthyes,152352.0,Actinopteri,843664.0,Teleostei,293496.0,,,,,,,,,Perciformes,11014.0,Percoidei,151751.0,,,,,,,,,Epinephelidae,1776907.0,,,,,Cephalopholis,206732.0,,,,
1,,,,,Animalia,2,,,,,Cnidaria,1267,Anthozoa,1292.0,,,,,,,Hexacorallia,1340.0,,,,,,,,,Scleractinia,1363.0,Vacatina,1517259.0,,,,,,,,,Pocilloporidae,135079.0,,,,,Pocillopora,206938.0,,,,
1,,,,,Animalia,2,,,,,Cnidaria,1267,Anthozoa,1292.0,,,,,,,Hexacorallia,1340.0,,,,,,,,,Scleractinia,1363.0,Refertina,1517258.0,,,,,,,,,Rhizangiidae,135080.0,,,,,Siderastrea,204291.0,,,Siderastrea siderea,207516.0
1,,,,,Animalia,2,,,,,Cnidaria,1267,Anthozoa,1292.0,,,,,,,Hexacorallia,1340.0,,,,,,,,,Scleractinia,1363.0,Refertina,1517258.0,,,,,,,,,Rhizangiidae,135080.0,,,,,Siderastrea,204291.0,,,Siderastrea radians,207517.0
1,,,,,Animalia,2,,,,,Echinodermata,1806,Echinozoa,148744.0,,,,,,,Holothuroidea,123083.0,Actinopoda,1393249.0,,,,,,,Holothuriida,1036233.0,,,,,,,,,,,Holothuriidae,731943.0,,,,,Holothuria,123456.0,Holothuria (Stauropora),241402.0,Holothuria (Stauropora) fuscocinerea,210873.0
1,,,,,Animalia,2,,,,,Echinodermata,1806,Echinozoa,148744.0,,,,,,,Holothuroidea,123083.0,Paractinopoda,1393260.0,,,,,,,Apodida,123108.0,,,,,,,,,,,Synaptidae,123182.0,,,,,Euapta,123447.0,,,Euapta godeffroyi,210968.0
1,,,,,Animalia,2,,,,,Echinodermata,1806,Echinozoa,148744.0,,,,,,,Echinoidea,123082.0,Euechinoidea,149854.0,Carinacea,510517.0,Echinacea,149855.0,,,Camarodonta,510518.0,,,Echinidea,510534.0,,,,,Odontophora,510604.0,Echinometridae,179653.0,,,,,Echinometra,179659.0,,,Echinometra lucunter,213380.0
1,,,,,Animalia,2,,,,,Chordata,1821,Vertebrata,146419.0,Gnathostomata,1828.0,Chondrichthyes,1517375.0,,,Elasmobranchii,10193.0,Neoselachii,368407.0,Selachii,368408.0,,,Galeomorphi,368410.0,Carcharhiniformes,10210.0,,,,,,,,,,,Carcharhinidae,105689.0,,,,,Triaenodon,203966.0,,,Triaenodon obesus,214557.0
1,,,,,Animalia,2,,,,,Chordata,1821,Vertebrata,146419.0,Gnathostomata,1828.0,Osteichthyes,152352.0,Actinopteri,843664.0,Teleostei,293496.0,,,,,,,,,Anguilliformes,10295.0,,,,,,,,,,,Muraenidae,125431.0,Muraeninae,151829.0,,,Echidna,206151.0,,,Echidna nebulosa,217469.0
1,,,,,Animalia,2,,,,,Chordata,1821,Vertebrata,146419.0,Gnathostomata,1828.0,Osteichthyes,152352.0,Actinopteri,843664.0,Teleostei,293496.0,,,,,,,,,Anguilliformes,10295.0,,,,,,,,,,,Muraenidae,125431.0,Muraeninae,151829.0,,,Gymnothorax,125636.0,,,Gymnothorax flavimarginatus,217495.0
1,,,,,Animalia,2,,,,,Chordata,1821,Vertebrata,146419.0,Gnathostomata,1828.0,Osteichthyes,152352.0,Actinopteri,843664.0,Teleostei,293496.0,,,,,,,,,Holocentriformes,1517488.0,,,,,,,,,,,Holocentridae,125458.0,Myripristinae,267056.0,,,Myripristis,159383.0,,,Myripristis berndti,217927.0
1,,,,,Animalia,2,,,,,Chordata,1821,Vertebrata,146419.0,Gnathostomata,1828.0,Osteichthyes,152352.0,Actinopteri,843664.0,Teleostei,293496.0,,,,,,,,,Syngnathiformes,10327.0,,,,,,,,,,,Fistulariidae,154577.0,,,,,Fistularia,159438.0,,,Fistularia commersonii,217966.0
1,,,,,Animalia,2,,,,,Chordata,1821,Vertebrata,146419.0,Gnathostomata,1828.0,Osteichthyes,152352.0,Actinopteri,843664.0,Teleostei,293496.0,,,,,,,,,Eupercaria incertae sedis,1517577.0,,,,,,,,,,,Malacanthidae,151447.0,Malacanthinae,151772.0,,,Malacanthus,204377.0,,,Malacanthus brevirostris,218378.0
1,,,,,Animalia,2,,,,,Chordata,1821,Vertebrata,146419.0,Gnathostomata,1828.0,Osteichthyes,152352.0,Actinopteri,843664.0,Teleostei,293496.0,,,,,,,,,Carangiformes,1517532.0,,,,,,,,,,,Carangidae,125523.0,,,,,Caranx,125936.0,,,Caranx melampygus,218419.0
1,,,,,Animalia,2,,,,,Chordata,1821,Vertebrata,146419.0,Gnathostomata,1828.0,Osteichthyes,152352.0,Actinopteri,843664.0,Teleostei,293496.0,,,,,,,,,Carangiformes,1517532.0,,,,,,,,,,,Carangidae,125523.0,,,,,Gnathanodon,203993.0,,,Gnathanodon speciosus,218429.0
1,,,,,Animalia,2,,,,,Chordata,1821,Vertebrata,146419.0,Gnathostomata,1828.0,Osteichthyes,152352.0,Actinopteri,843664.0,Teleostei,293496.0,,,,,,,,,Centrarchiformes,1517557.0,,,,,,,,,,,Cirrhitidae,151475.0,,,,,Cirrhitichthys,204590.0,,,Cirrhitichthys oxycephalus,218853.0
1,,,,,Animalia,2,,,,,Chordata,1821,Vertebrata,146419.0,Gnathostomata,1828.0,Osteichthyes,152352.0,Actinopteri,843664.0,Teleostei,293496.0,,,,,,,,,Centrarchiformes,1517557.0,,,,,,,,,,,Cirrhitidae,151475.0,,,,,Oxycirrhites,205620.0,,,Oxycirrhites typus,218865.0
1,,,,,Animalia,2,,,,,Chordata,1821,Vertebrata,146419.0,Gnathostomata,1828.0,Osteichthyes,152352.0,Actinopteri,843664.0,Teleostei,293496.0,,,,,,,,,Eupercaria incertae sedis,1517577.0,,,,,,,,,,,Scaridae,125557.0,Scarinae,151787.0,,,Scarus,159299.0,,,Scarus rubroviolaceus,219124.0
1,,,,,Animalia,2,,,,,Chordata,1821,Vertebrata,146419.0,Gnathostomata,1828.0,Osteichthyes,152352.0,Actinopteri,843664.0,Teleostei,293496.0,,,,,,,,,Eupercaria incertae sedis,1517577.0,,,,,,,,,,,Scaridae,125557.0,Scarinae,151787.0,,,Scarus,159299.0,,,Scarus ghobban,219127.0
1,,,,,Animalia,2,,,,,Chordata,1821,Vertebrata,146419.0,Gnathostomata,1828.0,Osteichthyes,152352.0,Actinopteri,843664.0,Teleostei,293496.0,,,,,,,,,Acanthuriformes,1517548.0,,,,,,,,,,,Acanthuridae,125515.0,,,,,Acanthurus,125908.0,,,Acanthurus xanthopterus,219634.0
1,,,,,Animalia,2,,,,,Chordata,1821,Vertebrata,146419.0,Gnathostomata,1828.0,Osteichthyes,152352.0,Actinopteri,843664.0,Teleostei,293496.0,,,,,,,,,Acanthuriformes,1517548.0,,,,,,,,,,,Acanthuridae,125515.0,,,,,Acanthurus,125908.0,,,Acanthurus nigricans,219638.0
1,,,,,Animalia,2,,,,,Chordata,1821,Vertebrata,146419.0,Gnathostomata,1828.0,Osteichthyes,152352.0,Actinopteri,843664.0,Teleostei,293496.0,,,,,,,,,Tetraodontiformes,10332.0,,,,,,,,,,,Tetraodontidae,125612.0,,,,,Arothron,156706.0,,,Arothron hispidus,219925.0
1,,,,,Animalia,2,,,,,Chordata,1821,Vertebrata,146419.0,Gnathostomata,1828.0,Osteichthyes,152352.0,Actinopteri,843664.0,Teleostei,293496.0,,,,,,,,,Tetraodontiformes,10332.0,,,,,,,,,,,Tetraodontidae,125612.0,,,,,Arothron,156706.0,,,Arothron meleagris,219926.0
1,,,,,Animalia,2,,,,,Chordata,1821,Vertebrata,146419.0,Gnathostomata,1828.0,Osteichthyes,152352.0,Actinopteri,843664.0,Teleostei,293496.0,,,,,,,,,Acanthuriformes,1517548.0,,,,,,,,,,,Zanclidae,151428.0,,,,,Zanclus,204304.0,,,Zanclus cornutus,220083.0
1,,,,,Animalia,2,,,,,Mollusca,51,,,,,,,,,Gastropoda,101.0,Caenogastropoda,224570.0,,,,,,,,,,,,,,,,,,,,,,,,,,,,,,
1,,,,,Animalia,2,,,,,Echinodermata,1806,Echinozoa,148744.0,,,,,,,Holothuroidea,123083.0,Actinopoda,1393249.0,,,,,,,Dendrochirotida,123111.0,,,,,,,,,,,Cucumariidae,123187.0,,,,,Cucumaria,123479.0,,,Cucumaria miniata,225807.0
1,,,,,Animalia,2,,,,,Echinodermata,1806,Echinozoa,148744.0,,,,,,,Echinoidea,123082.0,Euechinoidea,149854.0,Carinacea,510517.0,Echinacea,149855.0,,,Camarodonta,510518.0,,,Echinidea,510534.0,,,,,Odontophora,510604.0,Strongylocentrotidae,123161.0,,,,,Strongylocentrotus,123390.0,,,Strongylocentrotus purpuratus,240747.0
1,,,,,Animalia,2,,,,,Cnidaria,1267,Anthozoa,1292.0,,,,,,,Hexacorallia,1340.0,,,,,,,,,Actiniaria,1360.0,Enthemonae,888371.0,,,,,,,Actinioidea,853973.0,Actiniidae,100653.0,,,,,Anthopleura,100696.0,,,Anthopleura sola,240753.0
1,,,,,Animalia,2,,,,,Mollusca,51,,,,,,,,,Gastropoda,101.0,Heterobranchia,14712.0,Euthyneura,1057247.0,Tectipleura,1057250.0,,,Aplysiida,1058953.0,,,,,,,,,Aplysioidea,225490.0,Aplysiidae,172.0,,,,,Aplysia,137654.0,,,Aplysia californica,240765.0
1,,,,,Animalia,2,,,,,Echinodermata,1806,Asterozoa,148743.0,,,,,,,Asteroidea,123080.0,Ambuloasteroidea,1562575.0,Neoasteroidea,1562576.0,,,Valvatacea,582528.0,Valvatida,123090.0,,,,,,,,,,,Asteropseidae,149874.0,,,,,Dermasterias,240770.0,,,Dermasterias imbricata,240771.0
1,,,,,Animalia,2,,,,,Mollusca,51,,,,,,,,,Polyplacophora,55.0,Neoloricata,57.0,,,,,,,Chitonida,382003.0,Acanthochitonina,90.0,,,,,,,Cryptoplacoidea,385402.0,Acanthochitonidae,91.0,Cryptochitoninae,385534.0,,,Cryptochiton,240775.0,,,Cryptochiton stelleri,240776.0
1,,,,,Animalia,2,,,,,Echinodermata,1806,Asterozoa,148743.0,,,,,,,Ophiuroidea,123084.0,Myophiuroida,1416548.0,Metophiurida,1062634.0,,,Ophintegrida,1062660.0,Amphilepidida,1062666.0,Gnathophiurina,196221.0,,,,,,,Amphiuroidea,1077097.0,Amphiuridae,123206.0,,,,,Amphiodia,172595.0,,,Amphiodia occidentalis,242666.0
1,,,,,Animalia,2,,,,,Arthropoda,1065,Crustacea,1066.0,,,,,Multicrustacea,845959.0,Malacostraca,1071.0,Eumalacostraca,1086.0,,,,,Eucarida,1089.0,Decapoda,1130.0,Pleocyemata,106670.0,Axiidea,477324.0,,,,,,,Strahlaxiidae,477356.0,,,,,Neaxius,246351.0,,,,
1,,,,,Animalia,2,,,,,Arthropoda,1065,Crustacea,1066.0,,,,,Multicrustacea,845959.0,Malacostraca,1071.0,Eumalacostraca,1086.0,,,,,Eucarida,1089.0,Decapoda,1130.0,Pleocyemata,106670.0,Caridea,106674.0,,,,,Alpheoidea,106709.0,Thoridae,883967.0,,,,,Heptacarpus,248339.0,,,,
1,,,,,Animalia,2,,,,,Chordata,1821,Tunicata,146420.0,,,,,,,Ascidiacea,1839.0,,,,,,,,,Stolidobranchia,103436.0,,,,,,,,,,,Styelidae,103450.0,,,,,Botrylloides,103528.0,,,Botrylloides niger,252289.0
1,,,,,Animalia,2,,,,,Echinodermata,1806,Asterozoa,148743.0,,,,,,,Asteroidea,123080.0,Ambuloasteroidea,1562575.0,Neoasteroidea,1562576.0,,,Valvatacea,582528.0,Valvatida,123090.0,,,,,,,,,,,Oreasteridae,149871.0,,,,,Nidorellia,254918.0,,,Nidorellia armata,254919.0
1,,,,,Animalia,2,,,,,Echinodermata,1806,Asterozoa,148743.0,,,,,,,Asteroidea,123080.0,Ambuloasteroidea,1562575.0,Neoasteroidea,1562576.0,,,Forcipulatacea,582527.0,Forcipulatida,123086.0,,,,,,,,,,,Asteriidae,123121.0,,,,,Evasterias,254332.0,,,Evasterias troschelii,255040.0
1,,,,,Animalia,2,,,,,Chordata,1821,Tunicata,146420.0,,,,,,,Ascidiacea,1839.0,,,,,,,,,Aplousobranchia,103434.0,,,,,,,,,,,Diazonidae,154132.0,,,,,Rhopalaea,103491.0,,,Rhopalaea birkelandi,266129.0
1,,,,,Animalia,2,,,,,Cnidaria,1267,Anthozoa,1292.0,,,,,,,Octocorallia,1341.0,,,,,,,,,Malacalcyonacea,1609357.0,,,,,,,,,,,Gorgoniidae,125275.0,,,,,Pacifigorgia,267665.0,,,,
1,,,,,Animalia,2,,,,,Cnidaria,1267,Anthozoa,1292.0,,,,,,,Octocorallia,1341.0,,,,,,,,,Malacalcyonacea,1609357.0,,,,,,,,,,,Pterogorgiidae,1749535.0,,,,,Pterogorgia,267790.0,,,,
1,,,,,Animalia,2,,,,,Chordata,1821,Vertebrata,146419.0,Gnathostomata,1828.0,Osteichthyes,152352.0,Actinopteri,843664.0,Teleostei,293496.0,,,,,,,,,Anguilliformes,10295.0,,,,,,,,,,,Muraenidae,125431.0,Muraeninae,151829.0,,,Gymnothorax,125636.0,,,Gymnothorax castaneus,271825.0
1,,,,,Animalia,2,,,,,Chordata,1821,Vertebrata,146419.0,Gnathostomata,1828.0,Osteichthyes,152352.0,Actinopteri,843664.0,Teleostei,293496.0,,,,,,,,,Anguilliformes,10295.0,,,,,,,,,,,Muraenidae,125431.0,Muraeninae,151829.0,,,Muraena,125637.0,,,Muraena clepsydra,271898.0
1,,,,,Animalia,2,,,,,Chordata,1821,Vertebrata,146419.0,Gnathostomata,1828.0,Osteichthyes,152352.0,Actinopteri,843664.0,Teleostei,293496.0,,,,,,,,,Anguilliformes,10295.0,,,,,,,,,,,Muraenidae,125431.0,Muraeninae,151829.0,,,Muraena,125637.0,,,Muraena lentiginosa,271900.0
1,,,,,Animalia,2,,,,,Chordata,1821,Vertebrata,146419.0,Gnathostomata,1828.0,Osteichthyes,152352.0,Actinopteri,843664.0,Teleostei,293496.0,,,,,,,,,Blenniiformes,1517542.0,,,,,,,,,,,Blenniidae,125519.0,Salariinae,710670.0,,,Ophioblennius,125919.0,,,Ophioblennius steindachneri,273126.0
1,,,,,Animalia,2,,,,,Chordata,1821,Vertebrata,146419.0,Gnathostomata,1828.0,Osteichthyes,152352.0,Actinopteri,843664.0,Teleostei,293496.0,,,,,,,,,Carangiformes,1517532.0,,,,,,,,,,,Carangidae,125523.0,,,,,Caranx,125936.0,,,Caranx caballus,273271.0
1,,,,,Animalia,2,,,,,Chordata,1821,Vertebrata,146419.0,Gnathostomata,1828.0,Osteichthyes,152352.0,Actinopteri,843664.0,Teleostei,293496.0,,,,,,,,,Carangiformes,1517532.0,,,,,,,,,,,Carangidae,125523.0,,,,,Caranx,125936.0,,,Caranx caninus,273272.0
1,,,,,Animalia,2,,,,,Chordata,1821,Vertebrata,146419.0,Gnathostomata,1828.0,Osteichthyes,152352.0,Actinopteri,843664.0,Teleostei,293496.0,,,,,,,,,Acanthuriformes,1517548.0,,,,,,,,,,,Chaetodontidae,125528.0,,,,,Chaetodon,125954.0,,,Chaetodon humeralis,273343.0
1,,,,,Animalia,2,,,,,Chordata,1821,Vertebrata,146419.0,Gnathostomata,1828.0,Osteichthyes,152352.0,Actinopteri,843664.0,Teleostei,293496.0,,,,,,,,,Eupercaria incertae sedis,1517577.0,,,,,,,,,,,Labridae,125541.0,,,,,Bodianus,126017.0,,,Bodianus diplotaenia,273527.0
1,,,,,Animalia,2,,,,,Chordata,1821,Vertebrata,146419.0,Gnathostomata,1828.0,Osteichthyes,152352.0,Actinopteri,843664.0,Teleostei,293496.0,,,,,,,,,Eupercaria incertae sedis,1517577.0,,,,,,,,,,,Labridae,125541.0,,,,,Thalassoma,126024.0,,,Thalassoma lucasanum,273584.0
1,,,,,Animalia,2,,,,,Chordata,1821,Vertebrata,146419.0,Gnathostomata,1828.0,Osteichthyes,152352.0,Actinopteri,843664.0,Teleostei,293496.0,,,,,,,,,Ovalentaria incertae sedis,1517546.0,,,,,,,,,,,Pomacentridae,125553.0,,,,,Abudefduf,126044.0,,,Abudefduf troschelii,273702.0
1,,,,,Animalia,2,,,,,Chordata,1821,Vertebrata,146419.0,Gnathostomata,1828.0,Osteichthyes,152352.0,Actinopteri,843664.0,Teleostei,293496.0,,,,,,,,,Perciformes,11014.0,Percoidei,151751.0,,,,,,,,,Epinephelidae,1776907.0,,,,,Epinephelus,126068.0,,,Epinephelus labriformis,273858.0
1,,,,,Animalia,2,,,,,Chordata,1821,Vertebrata,146419.0,Gnathostomata,1828.0,Osteichthyes,152352.0,Actinopteri,843664.0,Teleostei,293496.0,,,,,,,,,Perciformes,11014.0,Percoidei,151751.0,,,,,,,,,Serranidae,125561.0,,,,,Serranus,126070.0,,,Serranus psittacinus,273904.0
1,,,,,Animalia,2,,,,,Chordata,1821,Vertebrata,146419.0,Gnathostomata,1828.0,Osteichthyes,152352.0,Actinopteri,843664.0,Teleostei,293496.0,,,,,,,,,Perciformes,11014.0,Scorpaenoidei,154247.0,,,,,,,,,Scorpaenidae,125595.0,Scorpaeninae,154409.0,,,Scorpaena,126171.0,,,Scorpaena mystes,274726.0
1,,,,,Animalia,2,,,,,Chordata,1821,Vertebrata,146419.0,Gnathostomata,1828.0,Osteichthyes,152352.0,Actinopteri,843664.0,Teleostei,293496.0,,,,,,,,,Tetraodontiformes,10332.0,,,,,,,,,,,Balistidae,125607.0,,,,,Balistes,126228.0,,,Balistes polylepis,275234.0
1,,,,,Animalia,2,,,,,Chordata,1821,Vertebrata,146419.0,Gnathostomata,1828.0,Osteichthyes,152352.0,Actinopteri,843664.0,Teleostei,293496.0,,,,,,,,,Tetraodontiformes,10332.0,,,,,,,,,,,Tetraodontidae,125612.0,,,,,Canthigaster,126238.0,,,Canthigaster punctatissima,275264.0
1,,,,,Animalia,2,,,,,Chordata,1821,Vertebrata,146419.0,Gnathostomata,1828.0,Osteichthyes,152352.0,Actinopteri,843664.0,Teleostei,293496.0,,,,,,,,,Batrachoidiformes,10315.0,,,,,,,,,,,Batrachoididae,125450.0,Batrachoidinae,714644.0,,,Opsanus,158781.0,,,Opsanus beta,275645.0
1,,,,,Animalia,2,,,,,Chordata,1821,Vertebrata,146419.0,Gnathostomata,1828.0,Osteichthyes,152352.0,Actinopteri,843664.0,Teleostei,293496.0,,,,,,,,,Eupercaria incertae sedis,1517577.0,,,,,,,,,,,Haemulidae,125538.0,Haemulinae,714648.0,,,Haemulon,158806.0,,,Haemulon flavolineatum,275727.0
1,,,,,Animalia,2,,,,,Chordata,1821,Vertebrata,146419.0,Gnathostomata,1828.0,Osteichthyes,152352.0,Actinopteri,843664.0,Teleostei,293496.0,,,,,,,,,Eupercaria incertae sedis,1517577.0,,,,,,,,,,,Haemulidae,125538.0,Haemulinae,714648.0,,,Haemulon,158806.0,,,Haemulon maculicauda,275729.0
1,,,,,Animalia,2,,,,,Chordata,1821,Vertebrata,146419.0,Gnathostomata,1828.0,Osteichthyes,152352.0,Actinopteri,843664.0,Teleostei,293496.0,,,,,,,,,Eupercaria incertae sedis,1517577.0,,,,,,,,,,,Haemulidae,125538.0,Haemulinae,714648.0,,,Haemulon,158806.0,,,Haemulon sexfasciatum,275736.0
1,,,,,Animalia,2,,,,,Chordata,1821,Vertebrata,146419.0,Gnathostomata,1828.0,Osteichthyes,152352.0,Actinopteri,843664.0,Teleostei,293496.0,,,,,,,,,Eupercaria incertae sedis,1517577.0,,,,,,,,,,,Labridae,125541.0,,,,,Halichoeres,158813.0,,,Halichoeres chierchiae,275756.0
1,,,,,Animalia,2,,,,,Chordata,1821,Vertebrata,146419.0,Gnathostomata,1828.0,Osteichthyes,152352.0,Actinopteri,843664.0,Teleostei,293496.0,,,,,,,,,Eupercaria incertae sedis,1517577.0,,,,,,,,,,,Labridae,125541.0,,,,,Halichoeres,158813.0,,,Halichoeres dispilus,275763.0
1,,,,,Animalia,2,,,,,Chordata,1821,Vertebrata,146419.0,Gnathostomata,1828.0,Osteichthyes,152352.0,Actinopteri,843664.0,Teleostei,293496.0,,,,,,,,,Eupercaria incertae sedis,1517577.0,,,,,,,,,,,Labridae,125541.0,,,,,Halichoeres,158813.0,,,Halichoeres nicholsi,275780.0
1,,,,,Animalia,2,,,,,Chordata,1821,Vertebrata,146419.0,Gnathostomata,1828.0,Osteichthyes,152352.0,Actinopteri,843664.0,Teleostei,293496.0,,,,,,,,,Perciformes,11014.0,Percoidei,151751.0,,,,,,,,,Grammistidae,990804.0,,,,,Rypticus,159234.0,,,Rypticus bicolor,275957.0
1,,,,,Animalia,2,,,,,Chordata,1821,Vertebrata,146419.0,Gnathostomata,1828.0,Osteichthyes,152352.0,Actinopteri,843664.0,Teleostei,293496.0,,,,,,,,,Acanthuriformes,1517548.0,,,,,,,,,,,Pomacanthidae,151470.0,,,,,Holacanthus,159282.0,,,Holacanthus passer,276016.0
1,,,,,Animalia,2,,,,,Chordata,1821,Vertebrata,146419.0,Gnathostomata,1828.0,Osteichthyes,152352.0,Actinopteri,843664.0,Teleostei,293496.0,,,,,,,,,Acanthuriformes,1517548.0,,,,,,,,,,,Pomacanthidae,151470.0,,,,,Pomacanthus,159286.0,,,Pomacanthus zonipectus,276028.0
1,,,,,Animalia,2,,,,,Chordata,1821,Vertebrata,146419.0,Gnathostomata,1828.0,Osteichthyes,152352.0,Actinopteri,843664.0,Teleostei,293496.0,,,,,,,,,Eupercaria incertae sedis,1517577.0,,,,,,,,,,,Lutjanidae,151453.0,,,,,Lutjanus,159791.0,,,Lutjanus argentiventris,276524.0
1,,,,,Animalia,2,,,,,Chordata,1821,Vertebrata,146419.0,Gnathostomata,1828.0,Osteichthyes,152352.0,Actinopteri,843664.0,Teleostei,293496.0,,,,,,,,,Eupercaria incertae sedis,1517577.0,,,,,,,,,,,Lutjanidae,151453.0,,,,,Lutjanus,159791.0,,,Lutjanus viridis,276552.0
1,,,,,Animalia,2,,,,,Chordata,1821,Vertebrata,146419.0,Gnathostomata,1828.0,Osteichthyes,152352.0,Actinopteri,843664.0,Teleostei,293496.0,,,,,,,,,Ovalentaria incertae sedis,1517546.0,,,,,,,,,,,Pomacentridae,125553.0,,,,,Stegastes,203822.0,,,Stegastes acapulcoensis,276658.0
1,,,,,Animalia,2,,,,,Chordata,1821,Vertebrata,146419.0,Gnathostomata,1828.0,Osteichthyes,152352.0,Actinopteri,843664.0,Teleostei,293496.0,,,,,,,,,Ovalentaria incertae sedis,1517546.0,,,,,,,,,,,Pomacentridae,125553.0,,,,,Stegastes,203822.0,,,Stegastes flavilatus,276668.0
1,,,,,Animalia,2,,,,,Chordata,1821,Vertebrata,146419.0,Gnathostomata,1828.0,Osteichthyes,152352.0,Actinopteri,843664.0,Teleostei,293496.0,,,,,,,,,Tetraodontiformes,10332.0,,,,,,,,,,,Balistidae,125607.0,,,,,Sufflamen,203929.0,,,Sufflamen verres,276853.0
1,,,,,Animalia,2,,,,,Chordata,1821,Vertebrata,146419.0,Gnathostomata,1828.0,Osteichthyes,152352.0,Actinopteri,843664.0,Teleostei,293496.0,,,,,,,,,Perciformes,11014.0,Percoidei,151751.0,,,,,,,,,Epinephelidae,1776907.0,,,,,Cephalopholis,206732.0,,,Cephalopholis panamensis,279152.0
1,,,,,Animalia,2,,,,,Chordata,1821,Vertebrata,146419.0,Gnathostomata,1828.0,Osteichthyes,152352.0,Actinopteri,843664.0,Teleostei,293496.0,,,,,,,,,Tetraodontiformes,10332.0,,,,,,,,,,,Balistidae,125607.0,,,,,Pseudobalistes,206762.0,,,Pseudobalistes naufragium,279161.0
1,,,,,Animalia,2,,,,,Chordata,1821,Vertebrata,146419.0,Gnathostomata,1828.0,Osteichthyes,152352.0,Actinopteri,843664.0,Teleostei,293496.0,,,,,,,,,Eupercaria incertae sedis,1517577.0,,,,,,,,,,,Haemulidae,125538.0,Haemulinae,714648.0,,,Anisotremus,268319.0,,,Anisotremus davidsonii,279617.0
1,,,,,Animalia,2,,,,,Chordata,1821,Vertebrata,146419.0,Gnathostomata,1828.0,Osteichthyes,152352.0,Actinopteri,843664.0,Teleostei,293496.0,,,,,,,,,Eupercaria incertae sedis,1517577.0,,,,,,,,,,,Haemulidae,125538.0,Haemulinae,714648.0,,,Anisotremus,268319.0,,,Anisotremus taeniatus,279624.0
1,,,,,Animalia,2,,,,,Chordata,1821,Vertebrata,146419.0,Gnathostomata,1828.0,Osteichthyes,152352.0,Actinopteri,843664.0,Teleostei,293496.0,,,,,,,,,Eupercaria incertae sedis,1517577.0,,,,,,,,,,,Haemulidae,125538.0,Haemulinae,714648.0,,,Anisotremus,268319.0,,,Anisotremus virginicus,279625.0
1,,,,,Animalia,2,,,,,Chordata,1821,Vertebrata,146419.0,Gnathostomata,1828.0,Osteichthyes,152352.0,Actinopteri,843664.0,Teleostei,293496.0,,,,,,,,,Perciformes,11014.0,Cottoidei,154417.0,,,,,,,,,Cottidae,125589.0,,,,,Clinocottus,268796.0,,,Clinocottus analis,280219.0
1,,,,,Animalia,2,,,,,Chordata,1821,Vertebrata,146419.0,Gnathostomata,1828.0,Osteichthyes,152352.0,Actinopteri,843664.0,Teleostei,293496.0,,,,,,,,,Eupercaria incertae sedis,1517577.0,,,,,,,,,,,Lutjanidae,151453.0,,,,,Hoplopagrus,269422.0,,,Hoplopagrus guentherii,281087.0
1,,,,,Animalia,2,,,,,Chordata,1821,Vertebrata,146419.0,Gnathostomata,1828.0,Osteichthyes,152352.0,Actinopteri,843664.0,Teleostei,293496.0,,,,,,,,,Acanthuriformes,1517548.0,,,,,,,,,,,Chaetodontidae,125528.0,,,,,Johnrandallia,269534.0,,,Johnrandallia nigrirostris,281202.0
1,,,,,Animalia,2,,,,,Chordata,1821,Vertebrata,146419.0,Gnathostomata,1828.0,Osteichthyes,152352.0,Actinopteri,843664.0,Teleostei,293496.0,,,,,,,,,Perciformes,11014.0,Percoidei,151751.0,,,,,,,,,Serranidae,125561.0,,,,,Paralabrax,270221.0,,,Paralabrax clathratus,282054.0
1,,,,,Animalia,2,,,,,Chordata,1821,Vertebrata,146419.0,Gnathostomata,1828.0,Osteichthyes,152352.0,Actinopteri,843664.0,Teleostei,293496.0,,,,,,,,,Acanthuriformes,1517548.0,,,,,,,,,,,Ephippidae,151426.0,,,,,Parapsettus,270250.0,,,Parapsettus panamensis,282104.0
1,,,,,Animalia,2,,,,,Chordata,1821,Vertebrata,146419.0,Gnathostomata,1828.0,Osteichthyes,152352.0,Actinopteri,843664.0,Teleostei,293496.0,,,,,,,,,Eupercaria incertae sedis,1517577.0,,,,,,,,,,,Sciaenidae,125558.0,,,,,Pareques,270286.0,,,Pareques acuminatus,282139.0
1,,,,,Animalia,2,,,,,Chordata,1821,Vertebrata,146419.0,Gnathostomata,1828.0,Osteichthyes,152352.0,Actinopteri,843664.0,Teleostei,293496.0,,,,,,,,,Eupercaria incertae sedis,1517577.0,,,,,,,,,,,Haemulidae,125538.0,Haemulinae,714648.0,,,Xenichthys,271229.0,,,Xenichthys xanti,283177.0
1,,,,,Animalia,2,,,,,Cnidaria,1267,Anthozoa,1292.0,,,,,,,Hexacorallia,1340.0,,,,,,,,,Actiniaria,1360.0,Enthemonae,888371.0,,,,,,,Actinioidea,853973.0,Actiniidae,100653.0,,,,,Anthopleura,100696.0,,,Anthopleura elegantissima,283347.0
1,,,,,Animalia,2,,,,,Cnidaria,1267,Anthozoa,1292.0,,,,,,,Hexacorallia,1340.0,,,,,,,,,Actiniaria,1360.0,Enthemonae,888371.0,,,,,,,Actinioidea,853973.0,Actiniidae,100653.0,,,,,Anthopleura,100696.0,,,Anthopleura xanthogrammica,283377.0
1,,,,,Animalia,2,,,,,Cnidaria,1267,Anthozoa,1292.0,,,,,,,Octocorallia,1341.0,,,,,,,,,Malacalcyonacea,1609357.0,,,,,,,,,,,Gorgoniidae,125275.0,,,,,Leptogorgia,125302.0,,,Leptogorgia alba,286209.0
1,,,,,Animalia,2,,,,,Cnidaria,1267,Medusozoa,1740301.0,,,,,,,Scyphozoa,135220.0,Discomedusae,394976.0,,,,,,,Semaeostomeae,135225.0,,,,,,,,,,,Cyaneidae,135239.0,,,,,Cyanea,135259.0,,,Cyanea ferruginea,287192.0
1,,,,,Animalia,2,,,,,Cnidaria,1267,Medusozoa,1740301.0,,,,,,,Hydrozoa,1337.0,Hydroidolina,19494.0,,,,,,,Anthoathecata,13551.0,Capitata,16351.0,,,,,,,,,Milleporidae,196235.0,,,,,Millepora,205902.0,,,Millepora complanata,287421.0
1,,,,,Animalia,2,,,,,Cnidaria,1267,Anthozoa,1292.0,,,,,,,Octocorallia,1341.0,,,,,,,,,Malacalcyonacea,1609357.0,,,,,,,,,,,Plexauridae,125277.0,,,,,Muricea,177745.0,,,Muricea californica,287556.0
1,,,,,Animalia,2,,,,,Cnidaria,1267,Anthozoa,1292.0,,,,,,,Hexacorallia,1340.0,,,,,,,,,Scleractinia,1363.0,Refertina,1517258.0,,,,,,,,,Agariciidae,196096.0,,,,,Agaricia,204464.0,,,Agaricia tenuifolia,287916.0
1,,,,,Animalia,2,,,,,Cnidaria,1267,Anthozoa,1292.0,,,,,,,Hexacorallia,1340.0,,,,,,,,,Scleractinia,1363.0,Refertina,1517258.0,,,,,,,,,Acroporidae,196095.0,,,,,Acropora,205469.0,,,Acropora palmata,288227.0
1,,,,,Animalia,2,,,,,Cnidaria,1267,Anthozoa,1292.0,,,,,,,Hexacorallia,1340.0,,,,,,,,,Zoantharia,607338.0,Brachycnemina,367224.0,,,,,,,,,Sphenopidae,266945.0,,,,,Palythoa,205785.0,,,Palythoa caribaeorum,288456.0
1,,,,,Animalia,2,,,,,Cnidaria,1267,Anthozoa,1292.0,,,,,,,Hexacorallia,1340.0,,,,,,,,,Scleractinia,1363.0,Refertina,1517258.0,,,,,,,,,Agariciidae,196096.0,,,,,Pavona,206614.0,,,Pavona gigantea,289201.0
1,,,,,Animalia,2,,,,,Cnidaria,1267,Anthozoa,1292.0,,,,,,,Hexacorallia,1340.0,,,,,,,,,Scleractinia,1363.0,Vacatina,1517259.0,,,,,,,,,Faviidae,196099.0,Faviinae,718680.0,,,Diploria,267392.0,,,Diploria labyrinthiformis,289826.0
1,,,,,Animalia,2,,,,,Cnidaria,1267,Anthozoa,1292.0,,,,,,,Hexacorallia,1340.0,,,,,,,,,Antipatharia,22549.0,,,,,,,,,,,Myriopathidae,266963.0,,,,,Myriopathes,267609.0,,,Myriopathes panamensis,290437.0
1,,,,,Animalia,2,,,,,Cnidaria,1267,Medusozoa,1740301.0,,,,,,,Scyphozoa,135220.0,Discomedusae,394976.0,,,,,,,Semaeostomeae,135225.0,,,,,,,,,,,Ulmaridae,135241.0,Stellamedusinae,724296.0,,,Stellamedusa,267855.0,,,Stellamedusa ventana,291114.0
1,,,,,Animalia,2,,,,,Cnidaria,1267,Anthozoa,1292.0,,,,,,,Hexacorallia,1340.0,,,,,,,,,Actiniaria,1360.0,Enthemonae,888371.0,,,,,,,Actinioidea,853973.0,Stichodactylidae,266939.0,,,,,Stichodactyla,267869.0,,,Stichodactyla helianthus,291135.0
1,,,,,Animalia,2,,,,,Cnidaria,1267,Anthozoa,1292.0,,,,,,,Hexacorallia,1340.0,,,,,,,,,Scleractinia,1363.0,Refertina,1517258.0,,,,,,,,,Dendrophylliidae,135074.0,,,,,Tubastraea,267930.0,,,Tubastraea coccinea,291251.0
1,,,,,Animalia,2,,,,,Echinodermata,1806,Asterozoa,148743.0,,,,,,,Asteroidea,123080.0,Ambuloasteroidea,1562575.0,Neoasteroidea,1562576.0,,,Valvatacea,582528.0,Valvatida,123090.0,,,,,,,,,,,Ophidiasteridae,123137.0,,,,,Pharia,292794.0,,,Pharia pyramidata,292795.0
1,,,,,Animalia,2,,,,,Echinodermata,1806,Asterozoa,148743.0,,,,,,,Asteroidea,123080.0,Ambuloasteroidea,1562575.0,Neoasteroidea,1562576.0,,,Valvatacea,582528.0,Valvatida,123090.0,,,,,,,,,,,Ophidiasteridae,123137.0,,,,,Phataria,292796.0,,,Phataria unifascialis,292797.0
1,,,,,Animalia,2,,,,,Chordata,1821,Vertebrata,146419.0,Gnathostomata,1828.0,Osteichthyes,152352.0,Actinopteri,843664.0,Teleostei,293496.0,,,,,,,,,Carangiformes,1517532.0,,,,,,,,,,,Carangidae,125523.0,,,,,Caranx,125936.0,,,Caranx bartholomaei,302312.0
1,,,,,Animalia,2,,,,,Chordata,1821,Vertebrata,146419.0,Gnathostomata,1828.0,Osteichthyes,152352.0,Actinopteri,843664.0,Teleostei,293496.0,,,,,,,,,Carangiformes,1517532.0,,,,,,,,,,,Carangidae,125523.0,,,,,Caranx,125936.0,,,Caranx ruber,302432.0
1,,,,,Animalia,2,,,,,Mollusca,51,,,,,,,,,Cephalopoda,11707.0,Coleoidea,11709.0,,,,,Octopodiformes,325343.0,Octopoda,11718.0,Incirrata,11733.0,,,,,,,Octopodoidea,14672.0,Octopodidae,11782.0,,,,,Octopus,138268.0,,,Octopus bimaculatus,341951.0
1,,,,,Animalia,2,,,,,Arthropoda,1065,Crustacea,1066.0,,,,,Multicrustacea,845959.0,Malacostraca,1071.0,Eumalacostraca,1086.0,,,,,Eucarida,1089.0,Decapoda,1130.0,Pleocyemata,106670.0,Anomura,106671.0,,,,,Paguroidea,106687.0,Diogenidae,106736.0,,,,,Aniculus,206530.0,,,Aniculus elegans,367402.0
1,,,,,Animalia,2,,,,,Mollusca,51,,,,,,,,,Polyplacophora,55.0,Neoloricata,57.0,,,,,,,Chitonida,382003.0,Chitonina,382004.0,,,,,,,Chitonoidea,385404.0,Ischnochitonidae,69.0,,,,,Stenoplax,367769.0,,,,
1,,,,,Animalia,2,,,,,Mollusca,51,,,,,,,,,Bivalvia,105.0,Autobranchia,1424948.0,Pteriomorphia,206.0,,,,,Mytilida,210.0,,,,,,,,,Mytiloidea,491766.0,Mytilidae,211.0,Mytilinae,224589.0,,,Mytilus,138228.0,,,Mytilus californianus,367837.0
1,,,,,Animalia,2,,,,,Echinodermata,1806,Echinozoa,148744.0,,,,,,,Echinoidea,123082.0,Euechinoidea,149854.0,Carinacea,510517.0,Echinacea,149855.0,,,Camarodonta,510518.0,,,Echinidea,510534.0,,,,,Odontophora,510604.0,Toxopneustidae,123179.0,,,,,Lytechinus,240777.0,,,Lytechinus variegatus,367850.0
1,,,,,Animalia,2,,,,,Echinodermata,1806,Asterozoa,148743.0,,,,,,,Asteroidea,123080.0,Ambuloasteroidea,1562575.0,Neoasteroidea,1562576.0,,,Spinulosacea,582529.0,Spinulosida,123089.0,,,,,,,,,,,Echinasteridae,123132.0,,,,,Henricia,123276.0,,,Henricia leviuscula,369117.0
1,,,,,Animalia,2,,,,,Echinodermata,1806,Asterozoa,148743.0,,,,,,,Asteroidea,123080.0,Ambuloasteroidea,1562575.0,Neoasteroidea,1562576.0,,,Forcipulatacea,582527.0,Forcipulatida,123086.0,,,,,,,,,,,Asteriidae,123121.0,,,,,Leptasterias,123222.0,,,Leptasterias hexactis,369177.0
1,,,,,Animalia,2,,,,,Echinodermata,1806,Asterozoa,148743.0,,,,,,,Asteroidea,123080.0,Ambuloasteroidea,1562575.0,Neoasteroidea,1562576.0,,,Valvatacea,582528.0,Valvatida,123090.0,,,,,,,,,,,Oreasteridae,149871.0,,,,,Pentaceraster,204070.0,,,Pentaceraster cumingi,370899.0
1,,,,,Animalia,2,,,,,Echinodermata,1806,Asterozoa,148743.0,,,,,,,Asteroidea,123080.0,Ambuloasteroidea,1562575.0,Neoasteroidea,1562576.0,,,Valvatacea,582528.0,Valvatida,123090.0,,,,,,,,,,,Mithrodiidae,149873.0,,,,,Mithrodia,178199.0,,,Mithrodia bradleyi,370915.0
1,,,,,Animalia,2,,,,,Echinodermata,1806,Asterozoa,148743.0,,,,,,,Asteroidea,123080.0,Ambuloasteroidea,1562575.0,Neoasteroidea,1562576.0,,,Valvatacea,582528.0,Valvatida,123090.0,,,,,,,,,,,Asterinidae,123133.0,,,,,Patiria,123285.0,,,Patiria miniata,382131.0
1,,,,,Animalia,2,,,,,Mollusca,51,,,,,,,,,Polyplacophora,55.0,Neoloricata,57.0,,,,,,,Chitonida,382003.0,Acanthochitonina,90.0,,,,,,,Mopalioidea,385408.0,Tonicellidae,385500.0,Tonicellinae,385537.0,,,Nuttallina,385576.0,,,,
1,,,,,Animalia,2,,,,,Mollusca,51,,,,,,,,,Polyplacophora,55.0,Neoloricata,57.0,,,,,,,Chitonida,382003.0,Chitonina,382004.0,,,,,,,Chitonoidea,385404.0,Chitonidae,64.0,Toniciinae,385533.0,,,Tonicia,206414.0,,,Tonicia forbesii,386331.0
1,,,,,Animalia,2,,,,,Mollusca,51,,,,,,,,,Polyplacophora,55.0,Neoloricata,57.0,,,,,,,Chitonida,382003.0,Acanthochitonina,90.0,,,,,,,Mopalioidea,385408.0,Mopaliidae,23074.0,Mopaliinae,385536.0,,,Katharina,385566.0,,,Katharina tunicata,386338.0
1,,,,,Animalia,2,,,,,Mollusca,51,,,,,,,,,Polyplacophora,55.0,Neoloricata,57.0,,,,,,,Chitonida,382003.0,Acanthochitonina,90.0,,,,,,,Mopalioidea,385408.0,Mopaliidae,23074.0,Mopaliinae,385536.0,,,Mopalia,385567.0,,,Mopalia muscosa,386353.0
1,,,,,Animalia,2,,,,,Mollusca,51,,,,,,,,,Polyplacophora,55.0,Neoloricata,57.0,,,,,,,Chitonida,382003.0,Chitonina,382004.0,,,,,,,Chitonoidea,385404.0,Chitonidae,64.0,Chitoninae,151207.0,,,Chiton,137779.0,,,Chiton stokesii,386784.0
1,,,,,Animalia,2,,,,,Cnidaria,1267,Anthozoa,1292.0,,,,,,,Octocorallia,1341.0,,,,,,,,,Malacalcyonacea,1609357.0,,,,,,,,,,,Carijoidae,1749523.0,,,,,Carijoa,205447.0,,,Carijoa riisei,395098.0
1,,,,,Animalia,2,,,,,Echinodermata,1806,Echinozoa,148744.0,,,,,,,Echinoidea,123082.0,Cidaroidea,510498.0,,,,,,,Cidaroida,123099.0,,,,,,,,,Cidaroidea,852318.0,Cidaridae,123158.0,Cidarinae,852323.0,,,Eucidaris,204525.0,,,Eucidaris tribuloides,396741.0
1,,,,,Animalia,2,,,,,Mollusca,51,,,,,,,,,Gastropoda,101.0,Caenogastropoda,224570.0,,,,,,,Littorinimorpha,382213.0,,,,,,,,,Tonnoidea,14777.0,Tonnidae,23129.0,,,,,Malea,204597.0,,,Malea ringens,410241.0
1,,,,,Animalia,2,,,,,Mollusca,51,,,,,,,,,Gastropoda,101.0,Caenogastropoda,224570.0,,,,,,,Neogastropoda,146.0,,,,,,,,,Buccinoidea,382214.0,Pisaniidae,1054108.0,,,,,Gemophos,415414.0,,,,
1,,,,,Animalia,2,,,,,Echinodermata,1806,Echinozoa,148744.0,,,,,,,Echinoidea,123082.0,Euechinoidea,149854.0,Carinacea,510517.0,Echinacea,149855.0,,,Camarodonta,510518.0,,,Echinidea,510534.0,,,,,Odontophora,510604.0,Toxopneustidae,123179.0,,,,,Tripneustes,206063.0,,,Tripneustes ventricosus,422490.0
1,,,,,Animalia,2,,,,,Echinodermata,1806,Echinozoa,148744.0,,,,,,,Echinoidea,123082.0,Euechinoidea,149854.0,Carinacea,510517.0,Echinacea,149855.0,,,Camarodonta,510518.0,,,Echinidea,510534.0,,,,,Odontophora,510604.0,Echinometridae,179653.0,,,,,Echinometra,179659.0,,,Echinometra viridis,422493.0
1,,,,,Animalia,2,,,,,Echinodermata,1806,Echinozoa,148744.0,,,,,,,Echinoidea,123082.0,Euechinoidea,149854.0,Irregularia,510499.0,Neognathostomata,510501.0,Luminacea,1572017.0,Clypeasteroida,123100.0,Clypeasterina,196261.0,,,,,,,,,Clypeasteridae,196177.0,,,,,Clypeaster,205242.0,,,Clypeaster subdepressus,422499.0
1,,,,,Animalia,2,,,,,Arthropoda,1065,Crustacea,1066.0,,,,,Multicrustacea,845959.0,Malacostraca,1071.0,Eumalacostraca,1086.0,,,,,Eucarida,1089.0,Decapoda,1130.0,Pleocyemata,106670.0,Brachyura,106673.0,Eubrachyura,106679.0,Heterotremata,106680.0,Majoidea,106700.0,Inachoididae,158408.0,Stenorhynchinae,877480.0,,,Stenorhynchus,106914.0,,,Stenorhynchus debilis,441967.0
1,,,,,Animalia,2,,,,,Mollusca,51,,,,,,,,,Bivalvia,105.0,Autobranchia,1424948.0,Pteriomorphia,206.0,,,,,Ostreida,1774.0,,,,,,,,,Pterioidea,489069.0,Margaritidae,564652.0,,,,,Pinctada,138396.0,,,Pinctada mazatlanica,464493.0
1,,,,,Animalia,2,,,,,Mollusca,51,,,,,,,,,Gastropoda,101.0,Caenogastropoda,224570.0,,,,,,,Neogastropoda,146.0,,,,,,,,,Buccinoidea,382214.0,Austrosiphonidae,1522370.0,,,,,Kelletia,490535.0,,,Kelletia kelletii,491054.0
1,,,,,Animalia,2,,,,,Echinodermata,1806,Echinozoa,148744.0,,,,,,,Echinoidea,123082.0,Euechinoidea,149854.0,Aulodonta,510502.0,,,Diadematacea,152528.0,Diadematoida,510522.0,,,,,,,,,,,Diadematidae,123163.0,,,,,Astropyga,204236.0,,,Astropyga pulvinata,513138.0
1,,,,,Animalia,2,,,,,Echinodermata,1806,Echinozoa,148744.0,,,,,,,Echinoidea,123082.0,Euechinoidea,149854.0,Aulodonta,510502.0,,,Diadematacea,152528.0,Diadematoida,510522.0,,,,,,,,,,,Diadematidae,123163.0,,,,,Diadema,123395.0,,,Diadema mexicanum,513223.0
1,,,,,Animalia,2,,,,,Echinodermata,1806,Echinozoa,148744.0,,,,,,,Echinoidea,123082.0,Euechinoidea,149854.0,Carinacea,510517.0,Echinacea,149855.0,,,Camarodonta,510518.0,,,Echinidea,510534.0,,,,,Odontophora,510604.0,Echinometridae,179653.0,,,,,Echinometra,179659.0,,,Echinometra vanbrunti,513244.0
1,,,,,Animalia,2,,,,,Echinodermata,1806,Echinozoa,148744.0,,,,,,,Echinoidea,123082.0,Cidaroidea,510498.0,,,,,,,Cidaroida,123099.0,,,,,,,,,Cidaroidea,852318.0,Cidaridae,123158.0,Cidarinae,852323.0,,,Eucidaris,204525.0,,,Eucidaris thouarsii,513266.0
1,,,,,Animalia,2,,,,,Echinodermata,1806,Echinozoa,148744.0,,,,,,,Echinoidea,123082.0,Euechinoidea,149854.0,Carinacea,510517.0,Echinacea,149855.0,,,Camarodonta,510518.0,,,Echinidea,510534.0,,,,,Odontophora,510604.0,Toxopneustidae,123179.0,,,,,Toxopneustes,123391.0,,,Toxopneustes roseus,513609.0
1,,,,,Animalia,2,,,,,Echinodermata,1806,Echinozoa,148744.0,,,,,,,Echinoidea,123082.0,Euechinoidea,149854.0,Carinacea,510517.0,Echinacea,149855.0,,,Camarodonta,510518.0,,,Echinidea,510534.0,,,,,Odontophora,510604.0,Toxopneustidae,123179.0,,,,,Tripneustes,206063.0,,,Tripneustes depressus,513619.0
1,,,,,Animalia,2,,,,,Mollusca,51,,,,,,,,,Gastropoda,101.0,Vetigastropoda,156485.0,,,,,,,Trochida,1052448.0,,,,,,,,,Trochoidea,156489.0,Turbinidae,503.0,Turbininae,225151.0,,,Megastraea,528082.0,,,Megastraea undosa,528084.0
1,,,,,Animalia,2,,,,,Echinodermata,1806,Echinozoa,148744.0,,,,,,,Holothuroidea,123083.0,Paractinopoda,1393260.0,,,,,,,Apodida,123108.0,,,,,,,,,,,Synaptidae,123182.0,,,,,Leptosynapta,123449.0,,,Leptosynapta clarki,528885.0
1,,,,,Animalia,2,,,,,Echinodermata,1806,Echinozoa,148744.0,,,,,,,Holothuroidea,123083.0,Actinopoda,1393249.0,,,,,,,Dendrochirotida,123111.0,,,,,,,,,,,Cucumariidae,123187.0,,,,,Cucumaria,123479.0,,,Cucumaria flamma,529159.0
1,,,,,Animalia,2,,,,,Echinodermata,1806,Echinozoa,148744.0,,,,,,,Holothuroidea,123083.0,Actinopoda,1393249.0,,,,,,,Dendrochirotida,123111.0,,,,,,,,,,,Sclerodactylidae,196182.0,,,,,Eupentacta,528610.0,,,Eupentacta quinquesemita,529305.0
1,,,,,Animalia,2,,,,,Echinodermata,1806,Echinozoa,148744.0,,,,,,,Holothuroidea,123083.0,Actinopoda,1393249.0,,,,,,,Synallactida,1036229.0,,,,,,,,,,,Stichopodidae,123184.0,,,,,Apostichopus,241373.0,,,Apostichopus californicus,529363.0
1,,,,,Animalia,2,,,,,Echinodermata,1806,Echinozoa,148744.0,,,,,,,Holothuroidea,123083.0,Actinopoda,1393249.0,,,,,,,Synallactida,1036229.0,,,,,,,,,,,Stichopodidae,123184.0,,,,,Isostichopus,367867.0,,,Isostichopus fuscus,529516.0
1,,,,,Animalia,2,,,,,Echinodermata,1806,Echinozoa,148744.0,,,,,,,Holothuroidea,123083.0,Actinopoda,1393249.0,,,,,,,Dendrochirotida,123111.0,,,,,,,,,,,Cucumariidae,123187.0,,,,,Pseudocnus,123490.0,,,Pseudocnus californicus,529627.0
1,,,,,Animalia,2,,,,,Mollusca,51,,,,,,,,,Gastropoda,101.0,Heterobranchia,14712.0,Euthyneura,1057247.0,Ringipleura,1057249.0,Nudipleura,411966.0,Nudibranchia,1762.0,Doridina,1052385.0,Doridoidei,246038.0,,,,,Polyceroidea,412569.0,Polyceridae,177.0,Triophinae,412577.0,,,Triopha,531257.0,,,Triopha maculata,531262.0
1,,,,,Animalia,2,,,,,Arthropoda,1065,Crustacea,1066.0,,,,,Multicrustacea,845959.0,Thecostraca,22388.0,Cirripedia,1082.0,Thoracica,1107.0,,,Thoracicalcarea,1422167.0,Pollicipedomorpha,1422322.0,,,,,,,,,,,Pollicipedidae,106054.0,,,,,Pollicipes,106101.0,,,Pollicipes polymerus,535329.0
1,,,,,Animalia,2,,,,,Mollusca,51,,,,,,,,,Gastropoda,101.0,Heterobranchia,14712.0,Euthyneura,1057247.0,Ringipleura,1057249.0,Nudipleura,411966.0,Nudibranchia,1762.0,Doridina,1052385.0,Doridoidei,246038.0,,,,,Onchidoridoidea,246152.0,Corambidae,10124.0,,,,,Corambe,137839.0,,,Corambe pacifica,535677.0
1,,,,,Animalia,2,,,,,Porifera,558,,,,,,,,,,,,,,,,,,,,,,,,,,,,,,,,,,,,,,,,,,
1,,,,,Animalia,2,,,,,Mollusca,51,,,,,,,,,Gastropoda,101.0,Heterobranchia,14712.0,Euthyneura,1057247.0,Ringipleura,1057249.0,Nudipleura,411966.0,Nudibranchia,1762.0,Doridina,1052385.0,Doridoidei,246038.0,,,,,Chromodoridoidea,1370609.0,Chromodorididae,23003.0,Chromodoridinae,1370610.0,,,Chromolaichma,558476.0,,,Chromolaichma sedna,558502.0
1,,,,,Animalia,2,,,,,Mollusca,51,,,,,,,,,Gastropoda,101.0,Heterobranchia,14712.0,Euthyneura,1057247.0,Ringipleura,1057249.0,Nudipleura,411966.0,Nudibranchia,1762.0,Cladobranchia,827889.0,,,,,,,Arminoidea,1763.0,Arminidae,2087.0,,,,,Armina,137677.0,,,Armina californica,558913.0
1,,,,,Animalia,2,,,,,Mollusca,51,,,,,,,,,Gastropoda,101.0,Heterobranchia,14712.0,Euthyneura,1057247.0,Tectipleura,1057250.0,,,Aplysiida,1058953.0,,,,,,,,,Aplysioidea,225490.0,Aplysiidae,172.0,,,,,Aplysia,137654.0,,,Aplysia vaccaria,568031.0
1,,,,,Animalia,2,,,,,Mollusca,51,,,,,,,,,Gastropoda,101.0,Heterobranchia,14712.0,Euthyneura,1057247.0,Tectipleura,1057250.0,,,Cephalaspidea,154.0,,,,,,,,,Haminoeoidea,411892.0,Haminoeidae,23052.0,,,,,Haminoea,138054.0,,,Haminoea vesicula,575156.0
1,,,,,Animalia,2,,,,,Mollusca,51,,,,,,,,,Gastropoda,101.0,Heterobranchia,14712.0,Euthyneura,1057247.0,Ringipleura,1057249.0,Nudipleura,411966.0,Nudibranchia,1762.0,Cladobranchia,827889.0,,,,,,,Dendronotoidea,182.0,Tethydidae,23125.0,,,,,Melibe,138547.0,,,Melibe leonina,575441.0
1,,,,,Animalia,2,,,,,Mollusca,51,,,,,,,,,Gastropoda,101.0,Caenogastropoda,224570.0,,,,,,,Littorinimorpha,382213.0,,,,,,,,,Cypraeoidea,14774.0,Cypraeidae,23022.0,Zonariinae,1552921.0,Pseudozonariini,1552922.0,Neobernaya,580673.0,,,Neobernaya spadicea,580674.0
1,,,,,Animalia,2,,,,,Mollusca,51,,,,,,,,,Gastropoda,101.0,Heterobranchia,14712.0,Euthyneura,1057247.0,Ringipleura,1057249.0,Nudipleura,411966.0,Nudibranchia,1762.0,Doridina,1052385.0,Doridoidei,246038.0,,,,,Doridoidea,173.0,Dorididae,9904.0,,,,,Doris,137914.0,,,Doris montereyensis,581816.0
1,,,,,Animalia,2,,,,,Echinodermata,1806,Echinozoa,148744.0,,,,,,,Echinoidea,123082.0,Euechinoidea,149854.0,Carinacea,510517.0,Echinacea,149855.0,,,Camarodonta,510518.0,,,Echinidea,510534.0,,,,,Odontophora,510604.0,Strongylocentrotidae,123161.0,,,,,Mesocentrotus,591101.0,,,Mesocentrotus franciscanus,591102.0
1,,,,,Animalia,2,,,,,Cnidaria,1267,Anthozoa,1292.0,,,,,,,Hexacorallia,1340.0,,,,,,,,,Actiniaria,1360.0,Enthemonae,888371.0,,,,,,,Actinioidea,853973.0,Actiniidae,100653.0,,,,,Bunodosoma,100700.0,,,Bunodosoma grande,592954.0
1,,,,,Animalia,2,,,,,Mollusca,51,,,,,,,,,Gastropoda,101.0,Caenogastropoda,224570.0,,,,,,,Neogastropoda,146.0,,,,,,,,,Muricoidea,15138.0,Muricidae,148.0,Muricinae,225315.0,,,Hexaplex,138194.0,,,Hexaplex princeps,596162.0
1,,,,,Animalia,2,,,,,Cnidaria,1267,Anthozoa,1292.0,,,,,,,Octocorallia,1341.0,,,,,,,,,Malacalcyonacea,1609357.0,,,,,,,,,,,Gorgoniidae,125275.0,,,,,Antillogorgia,367981.0,,,Antillogorgia americana,708859.0
1,,,,,Animalia,2,,,,,Chordata,1821,Vertebrata,146419.0,Gnathostomata,1828.0,Osteichthyes,152352.0,Actinopteri,843664.0,Teleostei,293496.0,,,,,,,,,Perciformes,11014.0,Percoidei,151751.0,,,,,,,,,Serranidae,125561.0,,,,,Hypoplectrus,269456.0,,,Hypoplectrus ecosur,712603.0
1,,,,,Animalia,2,,,,,Chordata,1821,Vertebrata,146419.0,Gnathostomata,1828.0,Chondrichthyes,1517375.0,,,Elasmobranchii,10193.0,Neoselachii,368407.0,Batoidea,368409.0,,,,,Myliobatiformes,196069.0,,,,,,,,,,,Aetobatidae,1517438.0,,,,,Aetobatus,205558.0,,,Aetobatus laticeps,712980.0
1,,,,,Animalia,2,,,,,Cnidaria,1267,Anthozoa,1292.0,,,,,,,Hexacorallia,1340.0,,,,,,,,,Scleractinia,1363.0,Vacatina,1517259.0,,,,,,,,,Faviidae,196099.0,Faviinae,718680.0,,,Pseudodiploria,718588.0,,,Pseudodiploria clivosa,828326.0
1,,,,,Animalia,2,,,,,Mollusca,51,,,,,,,,,Polyplacophora,55.0,Neoloricata,57.0,,,,,,,Chitonida,382003.0,Chitonina,382004.0,,,,,,,Chitonoidea,385404.0,Ischnochitonidae,69.0,,,,,Stenoplax,367769.0,,,Stenoplax conspicua,848098.0
1,,,,,Animalia,2,,,,,Cnidaria,1267,Anthozoa,1292.0,,,,,,,Hexacorallia,1340.0,,,,,,,,,Actiniaria,1360.0,Enthemonae,888371.0,,,,,,,,,,,,,,,,,,,,
1,,,,,Animalia,2,,,,,Chordata,1821,Vertebrata,146419.0,Gnathostomata,1828.0,Osteichthyes,152352.0,Actinopteri,843664.0,Teleostei,293496.0,,,,,,,,,Ovalentaria incertae sedis,1517546.0,,,,,,,,,,,Pomacentridae,125553.0,,,,,Similiparma,270898.0,,,Similiparma lurida,889885.0
1,,,,,Animalia,2,,,,,Mollusca,51,,,,,,,,,Gastropoda,101.0,Heterobranchia,14712.0,Euthyneura,1057247.0,Ringipleura,1057249.0,Nudipleura,411966.0,Nudibranchia,1762.0,Doridina,1052385.0,Doridoidei,246038.0,,,,,Doridoidea,173.0,Discodorididae,1761.0,,,,,Diaulula,415291.0,,,Diaulula odonoghuei,890436.0
1,,,,,Animalia,2,,,,,Annelida,882,,,,,,,,,Polychaeta,883.0,Sedentaria,754175.0,Scolecida,183607.0,,,,,,,,,,,,,,,,,Maldanidae,923.0,,,,,,,,,,
1,,,,,Animalia,2,,,,,Annelida,882,,,,,,,,,Polychaeta,883.0,Sedentaria,754175.0,Canalipalpata,154974.0,,,,,Terebellida,900.0,Terebelliformia,152292.0,,,,,,,,,Terebellidae,982.0,,,,,,,,,,
1,,,,,Animalia,2,,,,,Annelida,882,,,,,,,,,Polychaeta,883.0,Sedentaria,754175.0,Canalipalpata,154974.0,,,,,Sabellida,901.0,,,,,,,,,,,Sabellidae,985.0,,,,,,,,,,
1,,,,,Animalia,2,,,,,Annelida,882,,,,,,,,,Polychaeta,883.0,Sedentaria,754175.0,Canalipalpata,154974.0,,,,,Sabellida,901.0,,,,,,,,,,,Serpulidae,988.0,,,,,,,,,,
