Kingdom,Phylum,Subphylum,Class,Order,Suborder,Family,AphiaID,Infraphylum,Parvphylum,Subclass,Infraclass,Genus,Species,Superfamily,Superclass,Superorder,Infraorder,Section,Subsection,Subterclass,Subgenus,Gigaclass,Subfamily,Megaclass,Tribe
Animalia,Cnidaria,Anthozoa,Hexacorallia,Ceriantharia,Penicillaria,Arachnactidae,1,,,,,,,,,,,,,,,,,,
Animalia,Chordata,Vertebrata,Elasmobranchii,Myliobatiformes,,Urotrygonidae,1,Gnathostomata,Chondrichthyes,Neoselachii,Batoidea,Urobatis,Urobatis pardalis,,,,,,,,,,,,
Animalia,Cnidaria,Anthozoa,Hexacorallia,Actiniaria,Enthemonae,Actiniidae,1,,,,,Urticina,,Actinioidea,,,,,,,,,,,
Animalia,Cnidaria,Anthozoa,Hexacorallia,Actiniaria,Enthemonae,Andvakiidae,1,,,,,Telmatactis,,Metridioidea,,,,,,,,,,,
Animalia,Cnidaria,Anthozoa,Hexacorallia,Actiniaria,Enthemonae,Metridiidae,1,,,,,Metridium,,Metridioidea,,,,,,,,,,,
Animalia,Cnidaria,Anthozoa,Hexacorallia,Actiniaria,Enthemonae,Actiniidae,1,,,,,Anemonia,Anemonia viridis,Actinioidea,,,,,,,,,,,
Animalia,Cnidaria,Anthozoa,Hexacorallia,Actiniaria,Enthemonae,Actiniidae,1,,,,,Urticina,Urticina eques,Actinioidea,,,,,,,,,,,
Animalia,Chordata,Vertebrata,Elasmobranchii,Myliobatiformes,,Mobulidae,1,Gnathostomata,Chondrichthyes,Neoselachii,Batoidea,Mobula,Mobula birostris,,,,,,,,,,,,
Animalia,Arthropoda,Crustacea,Thecostraca,Balanomorpha,,Catophragmidae,1,,,Cirripedia,Thoracica,Catolasmus,Catolasmus pilsbryi,Chthamaloidea,Multicrustacea,Thoracicalcarea,,,,,,,,,
Animalia,Chordata,Vertebrata,Elasmobranchii,Myliobatiformes,,Dasyatidae,1,Gnathostomata,Chondrichthyes,Neoselachii,Batoidea,Hypanus,Hypanus longus,,,,,,,,,,,,
Animalia,Chordata,Vertebrata,Elasmobranchii,Carcharhiniformes,,Carcharhinidae,1,Gnathostomata,Chondrichthyes,Neoselachii,Selachii,Carcharhinus,Carcharhinus leucas,,,Galeomorphi,,,,,,,,,
Animalia,Ctenophora,,Tentaculata,Lobata,,Bolinopsidae,1,,,,,,,,,,,,,,,,,,
Animalia,Arthropoda,Crustacea,Malacostraca,Decapoda,Pleocyemata,Plagusiidae,1,,,Eumalacostraca,,Plagusia,Plagusia depressa,Grapsoidea,Multicrustacea,Eucarida,Brachyura,Eubrachyura,Thoracotremata,,,,,,
Animalia,Mollusca,,Cephalopoda,Octopoda,,,1,,,Coleoidea,,,,,,Octopodiformes,,,,,,,,,
Animalia,Cnidaria,Medusozoa,Hydrozoa,Anthoathecata,Capitata,Pennariidae,1,,,Hydroidolina,,Pennaria,,,,,,,,,,,,,
Animalia,Cnidaria,Medusozoa,Hydrozoa,Leptothecata,,Aglaopheniidae,1,,,Hydroidolina,,Macrorhynchia,Macrorhynchia philippina,Plumularioidea,,,,,,,,,,,
Animalia,Cnidaria,Medusozoa,Hydrozoa,Anthoathecata,Capitata,Pennariidae,1,,,Hydroidolina,,Pennaria,Pennaria disticha,,,,,,,,,,,,
Animalia,Echinodermata,Asterozoa,Asteroidea,,,,1,,,,,,,,,,,,,,,,,,
Animalia,Echinodermata,Echinozoa,Holothuroidea,,,,1,,,,,,,,,,,,,,,,,,
Animalia,Echinodermata,Asterozoa,Ophiuroidea,,,,1,,,,,,,,,,,,,,,,,,
Animalia,Echinodermata,Echinozoa,Holothuroidea,Dendrochirotida,,,1,,,Actinopoda,,,,,,,,,,,,,,,
Animalia,Echinodermata,Echinozoa,Echinoidea,Camarodonta,,Toxopneustidae,1,,,Euechinoidea,Carinacea,,,Odontophora,,,Echinidea,,,Echinacea,,,,,
Animalia,Echinodermata,Echinozoa,Echinoidea,Camarodonta,,Strongylocentrotidae,1,,,Euechinoidea,Carinacea,Strongylocentrotus,,Odontophora,,,Echinidea,,,Echinacea,,,,,
Animalia,Echinodermata,Echinozoa,Holothuroidea,Holothuriida,,Holothuriidae,1,,,Actinopoda,,Holothuria,,,,,,,,,,,,,
Animalia,Echinodermata,Asterozoa,Asteroidea,Forcipulatida,,Asteriidae,1,,,Ambuloasteroidea,Neoasteroidea,Coscinasterias,Coscinasterias tenuispina,,,Forcipulatacea,,,,,,,,,
Animalia,Echinodermata,Echinozoa,Echinoidea,Camarodonta,,Parechinidae,1,,,Euechinoidea,Carinacea,Paracentrotus,Paracentrotus lividus,,,,Echinidea,,,Echinacea,,,,,
Animalia,Echinodermata,Echinozoa,Echinoidea,Diadematoida,,Diadematidae,1,,,Euechinoidea,Aulodonta,Diadema,Diadema antillarum,,,Diadematacea,,,,,,,,,
Animalia,Echinodermata,Echinozoa,Holothuroidea,Apodida,,Synaptidae,1,,,Paractinopoda,,Euapta,Euapta lappa,,,,,,,,,,,,
Animalia,Echinodermata,Echinozoa,Holothuroidea,Holothuriida,,Holothuriidae,1,,,Actinopoda,,Holothuria,Holothuria (Thymiosycia) impatiens,,,,,,,,Holothuria (Thymiosycia),,,,
Animalia,Cnidaria,Anthozoa,Octocorallia,Malacalcyonacea,,Plexauridae,1,,,,,,,,,,,,,,,,,,
Animalia,Cnidaria,Anthozoa,Octocorallia,Malacalcyonacea,,Gorgoniidae,1,,,,,Leptogorgia,,,,,,,,,,,,,
Animalia,Chordata,Vertebrata,Teleostei,Aulopiformes,,Synodontidae,1,Gnathostomata,Osteichthyes,,,,,,Actinopteri,,,,,,,Actinopterygii,,,
Animalia,Chordata,Vertebrata,Teleostei,Lophiiformes,,Antennariidae,1,Gnathostomata,Osteichthyes,,,,,,Actinopteri,,,,,,,Actinopterygii,,,
Animalia,Chordata,Vertebrata,Teleostei,Carangiformes,,Carangidae,1,Gnathostomata,Osteichthyes,,,,,,Actinopteri,,,,,,,Actinopterygii,,,
Animalia,Chordata,Vertebrata,Teleostei,Centrarchiformes,,Kyphosidae,1,Gnathostomata,Osteichthyes,,,,,,Actinopteri,,,,,,,Actinopterygii,,,
Animalia,Cnidaria,Anthozoa,Hexacorallia,Actiniaria,Enthemonae,Aiptasiidae,1,,,,,Exaiptasia,Exaiptasia diaphana,Metridioidea,,,,,,,,,,,
Animalia,Chordata,Vertebrata,Teleostei,Blenniiformes,,Blenniidae,1,Gnathostomata,Osteichthyes,,,Parablennius,Parablennius parvicornis,,Actinopteri,,,,,,,Actinopterygii,Salariinae,,
Animalia,Chordata,Vertebrata,Teleostei,Eupercaria incertae sedis,,Labridae,1,Gnathostomata,Osteichthyes,,,Thalassoma,Thalassoma pavo,,Actinopteri,,,,,,,Actinopterygii,,,
Animalia,Chordata,Vertebrata,Teleostei,Tetraodontiformes,,Diodontidae,1,Gnathostomata,Osteichthyes,,,Diodon,Diodon holocanthus,,Actinopteri,,,,,,,Actinopterygii,,,
Animalia,Chordata,Vertebrata,Teleostei,Tetraodontiformes,,Diodontidae,1,Gnathostomata,Osteichthyes,,,Diodon,Diodon hystrix,,Actinopteri,,,,,,,Actinopterygii,,,
Animalia,Cnidaria,Anthozoa,,,,,1,,,,,,,,,,,,,,,,,,
Animalia,Chordata,Vertebrata,Elasmobranchii,Myliobatiformes,,Potamotrygonidae,1,Gnathostomata,Chondrichthyes,Neoselachii,Batoidea,Styracura,Styracura pacifica,,,,,,,,,,Styracurinae,,
Animalia,Annelida,,Polychaeta,Amphinomida,,Amphinomidae,1,,,Errantia,,Hermodice,Hermodice carunculata,,,,,,,,,,Amphinominae,,
Animalia,Arthropoda,Chelicerata,Pycnogonida,,,,1,,,,,,,,,,,,,,,,,,
Animalia,Porifera,,Demospongiae,Poecilosclerida,,Microcionidae,1,,,Heteroscleromorpha,,,,,,,,,,,,,,,
Animalia,Porifera,,Demospongiae,Haplosclerida,,Chalinidae,1,,,Heteroscleromorpha,,Haliclona,,,,,,,,,,,,,
Animalia,Porifera,,Demospongiae,Poecilosclerida,,Microcionidae,1,,,Heteroscleromorpha,,Clathria,,,,,,,,,,,Microcioninae,,
Animalia,Porifera,,Demospongiae,Clionaida,,Placospongiidae,1,,,Heteroscleromorpha,,Placospongia,,,,,,,,,,,,,
Animalia,Cnidaria,Anthozoa,Hexacorallia,Scleractinia,Vacatina,Caryophylliidae,1,,,,,Caryophyllia,,,,,,,,,,,,,
Animalia,Cnidaria,Anthozoa,Hexacorallia,Scleractinia,Refertina,Dendrophylliidae,1,,,,,Balanophyllia,Balanophyllia (Balanophyllia) regia,,,,,,,,Balanophyllia (Balanophyllia),,,,
Animalia,Cnidaria,Medusozoa,Hydrozoa,Siphonophorae,Cystonectae,Physaliidae,1,,,Hydroidolina,,Physalia,Physalia physalis,,,,,,,,,,,,
Animalia,Cnidaria,Anthozoa,Hexacorallia,Actiniaria,,,1,,,,,,,,,,,,,,,,,,
Animalia,Chordata,Vertebrata,,Testudines,Cryptodira,Cheloniidae,1,Gnathostomata,,,,Chelonia,Chelonia mydas,Chelonioidea,Reptilia,,,,,,,,,Tetrapoda,
Animalia,Chordata,Vertebrata,,Testudines,Cryptodira,Cheloniidae,1,Gnathostomata,,,,Eretmochelys,Eretmochelys imbricata,Chelonioidea,Reptilia,,,,,,,,,Tetrapoda,
Animalia,Chordata,Tunicata,Thaliacea,Pyrosomatida,,,1,,,,,,,,,,,,,,,,,,
Animalia,Chordata,Tunicata,Thaliacea,Pyrosomatida,,Pyrosomatidae,1,,,,,Pyrosoma,,,,,,,,,,,Pyrosomatinae,,
Animalia,Mollusca,,Gastropoda,Aplysiida,,Aplysiidae,1,,,Heterobranchia,Euthyneura,Aplysia,,Aplysioidea,,,,,,Tectipleura,,,,,
Animalia,Mollusca,,Gastropoda,Nudibranchia,Cladobranchia,Eubranchidae,1,,,Heterobranchia,Euthyneura,Eubranchus,,Fionoidea,,Nudipleura,,,,Ringipleura,,,,,
Animalia,Mollusca,,Cephalopoda,Octopoda,Incirrata,Octopodidae,1,,,Coleoidea,,Octopus,,Octopodoidea,,Octopodiformes,,,,,,,,,
Animalia,Mollusca,,Bivalvia,Pectinida,,Spondylidae,1,,,Autobranchia,Pteriomorphia,Spondylus,,Pectinoidea,,,,,,,,,,,
Animalia,Mollusca,,Gastropoda,Aplysiida,,Aplysiidae,1,,,Heterobranchia,Euthyneura,Aplysia,Aplysia dactylomela,Aplysioidea,,,,,,Tectipleura,,,,,
Animalia,Mollusca,,Gastropoda,Aplysiida,,Aplysiidae,1,,,Heterobranchia,Euthyneura,Aplysia,Aplysia punctata,Aplysioidea,,,,,,Tectipleura,,,,,
Animalia,Mollusca,,Gastropoda,Lepetellida,,Haliotidae,1,,,Vetigastropoda,,Haliotis,Haliotis tuberculata,Haliotoidea,,,,,,,,,,,
Animalia,Arthropoda,Crustacea,Malacostraca,Stomatopoda,,,1,,,Hoplocarida,,,,,Multicrustacea,,,,,,,,,,
Animalia,Mollusca,,Gastropoda,Littorinimorpha,,Naticidae,1,,,Caenogastropoda,,,,Naticoidea,,,,,,,,,,,
Animalia,Chordata,Tunicata,Ascidiacea,Phlebobranchia,,Ascidiidae,1,,,,,Ascidia,Ascidia sideralis,,,,,,,,,,,,
Animalia,Echinodermata,Echinozoa,Echinoidea,,,,1,,,Euechinoidea,Carinacea,,,,,,,,,Echinacea,,,,,
Animalia,Arthropoda,Chelicerata,Pycnogonida,Pantopoda,Eupantopodida,Ammotheidae,1,,,,,,,Ammotheoidea,,,,,,,,,,,
Animalia,Chordata,Vertebrata,Teleostei,Ovalentaria incertae sedis,,Pomacentridae,1,Gnathostomata,Osteichthyes,,,Azurina,Azurina atrilobata,,Actinopteri,,,,,,,Actinopterygii,,,
Animalia,Chordata,Vertebrata,Teleostei,Perciformes,Percoidei,Serranidae,1,Gnathostomata,Osteichthyes,,,Diplectrum,Diplectrum formosum,,Actinopteri,,,,,,,Actinopterygii,,,
Animalia,Chordata,Vertebrata,Teleostei,Perciformes,Scorpaenoidei,Scorpaenidae,1,Gnathostomata,Osteichthyes,,,Pterois,Pterois volitans,,Actinopteri,,,,,,,Actinopterygii,Pteroinae,,
Animalia,Chordata,Vertebrata,Teleostei,Acanthuriformes,,Acanthuridae,1,Gnathostomata,Osteichthyes,,,Acanthurus,Acanthurus coeruleus,,Actinopteri,,,,,,,Actinopterygii,,,
Animalia,Chordata,Vertebrata,Teleostei,Eupercaria incertae sedis,,Labridae,1,Gnathostomata,Osteichthyes,,,Thalassoma,Thalassoma bifasciatum,,Actinopteri,,,,,,,Actinopterygii,,,
Animalia,Chordata,Vertebrata,Teleostei,Eupercaria incertae sedis,,Lutjanidae,1,Gnathostomata,Osteichthyes,,,Lutjanus,Lutjanus griseus,,Actinopteri,,,,,,,Actinopterygii,,,
Animalia,Porifera,,Demospongiae,,,,1,,,,,,,,,,,,,,,,,,
Animalia,Porifera,,Demospongiae,Suberitida,,Halichondriidae,1,,,Heteroscleromorpha,,Halichondria,Halichondria (Halichondria) panicea,,,,,,,,Halichondria (Halichondria),,,,
Animalia,Porifera,,Demospongiae,Verongiida,,Aplysinidae,1,,,Verongimorpha,,Aplysina,Aplysina gerardogreeni,,,,,,,,,,,,
Animalia,Porifera,,Demospongiae,Clionaida,,Clionaidae,1,,,Heteroscleromorpha,,Cliona,Cliona tenuis,,,,,,,,,,,,
Animalia,Cnidaria,Medusozoa,Staurozoa,Stauromedusae,Myostaurida,Haliclystidae,1,,,,,Haliclystus,Haliclystus sanjuanensis,,,,,,,,,,,,
Animalia,Chordata,Vertebrata,Teleostei,Perciformes,Percoidei,Epinephelidae,1,Gnathostomata,Osteichthyes,,,Cephalopholis,Cephalopholis colonus,,Actinopteri,,,,,,,Actinopterygii,,,
Animalia,Mollusca,,Bivalvia,Ostreida,,,1,,,Autobranchia,Pteriomorphia,,,,,,,,,,,,,,
Animalia,Cnidaria,Anthozoa,Octocorallia,Malacalcyonacea,,Plexauridae,1,,,,,Muricea,,,,,,,,,,,,,
Animalia,Mollusca,,Bivalvia,Limida,,Limidae,1,,,Autobranchia,Pteriomorphia,,,Limoidea,,,,,,,,,,,
Animalia,Echinodermata,Asterozoa,Asteroidea,Spinulosida,,Echinasteridae,1,,,Ambuloasteroidea,Neoasteroidea,Echinaster,Echinaster (Othilia) spinulosus,,,Spinulosacea,,,,,Echinaster (Othilia),,,,
Animalia,Echinodermata,Echinozoa,Echinoidea,Camarodonta,,Echinometridae,1,,,Euechinoidea,Carinacea,Echinometra,,Odontophora,,,Echinidea,,,Echinacea,,,,,
Animalia,Mollusca,,Gastropoda,Pleurobranchida,,Pleurobranchidae,1,,,Heterobranchia,Euthyneura,Pleurobranchus,Pleurobranchus areolatus,Pleurobranchoidea,,Nudipleura,,,,Ringipleura,,,,,
Animalia,Chordata,Vertebrata,Teleostei,Ovalentaria incertae sedis,,Pomacentridae,1,Gnathostomata,Osteichthyes,,,Stegastes,,,Actinopteri,,,,,,,Actinopterygii,,,
Animalia,Cnidaria,Medusozoa,Hydrozoa,Anthoathecata,Capitata,Milleporidae,1,,,Hydroidolina,,Millepora,,,,,,,,,,,,,
Animalia,Annelida,,Polychaeta,Sabellida,,Sabellidae,1,,,Sedentaria,Canalipalpata,Sabellastarte,,,,,,,,,,,Sabellinae,,
Animalia,Annelida,,Polychaeta,Phyllodocida,Aphroditiformia,Iphionidae,1,,,Errantia,,Iphione,,,,,,,,,,,,,
Animalia,Cnidaria,Anthozoa,Hexacorallia,Scleractinia,Refertina,Poritidae,1,,,,,Porites,,,,,,,,,,,,,
Animalia,Cnidaria,Anthozoa,Hexacorallia,Scleractinia,Refertina,Agariciidae,1,,,,,Pavona,,,,,,,,,,,,,
Animalia,Chordata,Vertebrata,Teleostei,Perciformes,Percoidei,Epinephelidae,1,Gnathostomata,Osteichthyes,,,Cephalopholis,,,Actinopteri,,,,,,,Actinopterygii,,,
Animalia,Cnidaria,Anthozoa,Hexacorallia,Scleractinia,Vacatina,Pocilloporidae,1,,,,,Pocillopora,,,,,,,,,,,,,
Animalia,Cnidaria,Anthozoa,Hexacorallia,Scleractinia,Refertina,Rhizangiidae,1,,,,,Siderastrea,Siderastrea siderea,,,,,,,,,,,,
Animalia,Cnidaria,Anthozoa,Hexacorallia,Scleractinia,Refertina,Rhizangiidae,1,,,,,Siderastrea,Siderastrea radians,,,,,,,,,,,,
Animalia,Echinodermata,Echinozoa,Holothuroidea,Holothuriida,,Holothuriidae,1,,,Actinopoda,,Holothuria,Holothuria (Stauropora) fuscocinerea,,,,,,,,Holothuria (Stauropora),,,,
Animalia,Echinodermata,Echinozoa,Holothuroidea,Apodida,,Synaptidae,1,,,Paractinopoda,,Euapta,Euapta godeffroyi,,,,,,,,,,,,
Animalia,Echinodermata,Echinozoa,Echinoidea,Camarodonta,,Echinometridae,1,,,Euechinoidea,Carinacea,Echinometra,Echinometra lucunter,Odontophora,,,Echinidea,,,Echinacea,,,,,
Animalia,Chordata,Vertebrata,Elasmobranchii,Carcharhiniformes,,Carcharhinidae,1,Gnathostomata,Chondrichthyes,Neoselachii,Selachii,Triaenodon,Triaenodon obesus,,,Galeomorphi,,,,,,,,,
Animalia,Chordata,Vertebrata,Teleostei,Anguilliformes,,Muraenidae,1,Gnathostomata,Osteichthyes,,,Echidna,Echidna nebulosa,,Actinopteri,,,,,,,Actinopterygii,Muraeninae,,
Animalia,Chordata,Vertebrata,Teleostei,Anguilliformes,,Muraenidae,1,Gnathostomata,Osteichthyes,,,Gymnothorax,Gymnothorax flavimarginatus,,Actinopteri,,,,,,,Actinopterygii,Muraeninae,,
Animalia,Chordata,Vertebrata,Teleostei,Holocentriformes,,Holocentridae,1,Gnathostomata,Osteichthyes,,,Myripristis,Myripristis berndti,,Actinopteri,,,,,,,Actinopterygii,Myripristinae,,
Animalia,Chordata,Vertebrata,Teleostei,Syngnathiformes,,Fistulariidae,1,Gnathostomata,Osteichthyes,,,Fistularia,Fistularia commersonii,,Actinopteri,,,,,,,Actinopterygii,,,
Animalia,Chordata,Vertebrata,Teleostei,Eupercaria incertae sedis,,Malacanthidae,1,Gnathostomata,Osteichthyes,,,Malacanthus,Malacanthus brevirostris,,Actinopteri,,,,,,,Actinopterygii,Malacanthinae,,
Animalia,Chordata,Vertebrata,Teleostei,Carangiformes,,Carangidae,1,Gnathostomata,Osteichthyes,,,Caranx,Caranx melampygus,,Actinopteri,,,,,,,Actinopterygii,,,
Animalia,Chordata,Vertebrata,Teleostei,Carangiformes,,Carangidae,1,Gnathostomata,Osteichthyes,,,Gnathanodon,Gnathanodon speciosus,,Actinopteri,,,,,,,Actinopterygii,,,
Animalia,Chordata,Vertebrata,Teleostei,Centrarchiformes,,Cirrhitidae,1,Gnathostomata,Osteichthyes,,,Cirrhitichthys,Cirrhitichthys oxycephalus,,Actinopteri,,,,,,,Actinopterygii,,,
Animalia,Chordata,Vertebrata,Teleostei,Centrarchiformes,,Cirrhitidae,1,Gnathostomata,Osteichthyes,,,Oxycirrhites,Oxycirrhites typus,,Actinopteri,,,,,,,Actinopterygii,,,
Animalia,Chordata,Vertebrata,Teleostei,Eupercaria incertae sedis,,Scaridae,1,Gnathostomata,Osteichthyes,,,Scarus,Scarus rubroviolaceus,,Actinopteri,,,,,,,Actinopterygii,Scarinae,,
Animalia,Chordata,Vertebrata,Teleostei,Eupercaria incertae sedis,,Scaridae,1,Gnathostomata,Osteichthyes,,,Scarus,Scarus ghobban,,Actinopteri,,,,,,,Actinopterygii,Scarinae,,
Animalia,Chordata,Vertebrata,Teleostei,Acanthuriformes,,Acanthuridae,1,Gnathostomata,Osteichthyes,,,Acanthurus,Acanthurus xanthopterus,,Actinopteri,,,,,,,Actinopterygii,,,
Animalia,Chordata,Vertebrata,Teleostei,Acanthuriformes,,Acanthuridae,1,Gnathostomata,Osteichthyes,,,Acanthurus,Acanthurus nigricans,,Actinopteri,,,,,,,Actinopterygii,,,
Animalia,Chordata,Vertebrata,Teleostei,Tetraodontiformes,,Tetraodontidae,1,Gnathostomata,Osteichthyes,,,Arothron,Arothron hispidus,,Actinopteri,,,,,,,Actinopterygii,,,
Animalia,Chordata,Vertebrata,Teleostei,Tetraodontiformes,,Tetraodontidae,1,Gnathostomata,Osteichthyes,,,Arothron,Arothron meleagris,,Actinopteri,,,,,,,Actinopterygii,,,
Animalia,Chordata,Vertebrata,Teleostei,Acanthuriformes,,Zanclidae,1,Gnathostomata,Osteichthyes,,,Zanclus,Zanclus cornutus,,Actinopteri,,,,,,,Actinopterygii,,,
Animalia,Mollusca,,Gastropoda,,,,1,,,Caenogastropoda,,,,,,,,,,,,,,,
Animalia,Echinodermata,Echinozoa,Holothuroidea,Dendrochirotida,,Cucumariidae,1,,,Actinopoda,,Cucumaria,Cucumaria miniata,,,,,,,,,,,,
Animalia,Echinodermata,Echinozoa,Echinoidea,Camarodonta,,Strongylocentrotidae,1,,,Euechinoidea,Carinacea,Strongylocentrotus,Strongylocentrotus purpuratus,Odontophora,,,Echinidea,,,Echinacea,,,,,
Animalia,Cnidaria,Anthozoa,Hexacorallia,Actiniaria,Enthemonae,Actiniidae,1,,,,,Anthopleura,Anthopleura sola,Actinioidea,,,,,,,,,,,
Animalia,Mollusca,,Gastropoda,Aplysiida,,Aplysiidae,1,,,Heterobranchia,Euthyneura,Aplysia,Aplysia californica,Aplysioidea,,,,,,Tectipleura,,,,,
Animalia,Echinodermata,Asterozoa,Asteroidea,Valvatida,,Asteropseidae,1,,,Ambuloasteroidea,Neoasteroidea,Dermasterias,Dermasterias imbricata,,,Valvatacea,,,,,,,,,
Animalia,Mollusca,,Polyplacophora,Chitonida,Acanthochitonina,Acanthochitonidae,1,,,Neoloricata,,Cryptochiton,Cryptochiton stelleri,Cryptoplacoidea,,,,,,,,,Cryptochitoninae,,
Animalia,Echinodermata,Asterozoa,Ophiuroidea,Amphilepidida,Gnathophiurina,Amphiuridae,1,,,Myophiuroida,Metophiurida,Amphiodia,Amphiodia occidentalis,Amphiuroidea,,Ophintegrida,,,,,,,,,
Animalia,Arthropoda,Crustacea,Malacostraca,Decapoda,Pleocyemata,Strahlaxiidae,1,,,Eumalacostraca,,Neaxius,,,Multicrustacea,Eucarida,Axiidea,,,,,,,,
Animalia,Arthropoda,Crustacea,Malacostraca,Decapoda,Pleocyemata,Thoridae,1,,,Eumalacostraca,,Heptacarpus,,Alpheoidea,Multicrustacea,Eucarida,Caridea,,,,,,,,
Animalia,Chordata,Tunicata,Ascidiacea,Stolidobranchia,,Styelidae,1,,,,,Botrylloides,Botrylloides niger,,,,,,,,,,,,
Animalia,Echinodermata,Asterozoa,Asteroidea,Valvatida,,Oreasteridae,1,,,Ambuloasteroidea,Neoasteroidea,Nidorellia,Nidorellia armata,,,Valvatacea,,,,,,,,,
Animalia,Echinodermata,Asterozoa,Asteroidea,Forcipulatida,,Asteriidae,1,,,Ambuloasteroidea,Neoasteroidea,Evasterias,Evasterias troschelii,,,Forcipulatacea,,,,,,,,,
Animalia,Chordata,Tunicata,Ascidiacea,Aplousobranchia,,Diazonidae,1,,,,,Rhopalaea,Rhopalaea birkelandi,,,,,,,,,,,,
Animalia,Cnidaria,Anthozoa,Octocorallia,Malacalcyonacea,,Gorgoniidae,1,,,,,Pacifigorgia,,,,,,,,,,,,,
Animalia,Cnidaria,Anthozoa,Octocorallia,Malacalcyonacea,,Pterogorgiidae,1,,,,,Pterogorgia,,,,,,,,,,,,,
Animalia,Chordata,Vertebrata,Teleostei,Anguilliformes,,Muraenidae,1,Gnathostomata,Osteichthyes,,,Gymnothorax,Gymnothorax castaneus,,Actinopteri,,,,,,,Actinopterygii,Muraeninae,,
Animalia,Chordata,Vertebrata,Teleostei,Anguilliformes,,Muraenidae,1,Gnathostomata,Osteichthyes,,,Muraena,Muraena clepsydra,,Actinopteri,,,,,,,Actinopterygii,Muraeninae,,
Animalia,Chordata,Vertebrata,Teleostei,Anguilliformes,,Muraenidae,1,Gnathostomata,Osteichthyes,,,Muraena,Muraena lentiginosa,,Actinopteri,,,,,,,Actinopterygii,Muraeninae,,
Animalia,Chordata,Vertebrata,Teleostei,Blenniiformes,,Blenniidae,1,Gnathostomata,Osteichthyes,,,Ophioblennius,Ophioblennius steindachneri,,Actinopteri,,,,,,,Actinopterygii,Salariinae,,
Animalia,Chordata,Vertebrata,Teleostei,Carangiformes,,Carangidae,1,Gnathostomata,Osteichthyes,,,Caranx,Caranx caballus,,Actinopteri,,,,,,,Actinopterygii,,,
Animalia,Chordata,Vertebrata,Teleostei,Carangiformes,,Carangidae,1,Gnathostomata,Osteichthyes,,,Caranx,Caranx caninus,,Actinopteri,,,,,,,Actinopterygii,,,
Animalia,Chordata,Vertebrata,Teleostei,Acanthuriformes,,Chaetodontidae,1,Gnathostomata,Osteichthyes,,,Chaetodon,Chaetodon humeralis,,Actinopteri,,,,,,,Actinopterygii,,,
Animalia,Chordata,Vertebrata,Teleostei,Eupercaria incertae sedis,,Labridae,1,Gnathostomata,Osteichthyes,,,Bodianus,Bodianus diplotaenia,,Actinopteri,,,,,,,Actinopterygii,,,
Animalia,Chordata,Vertebrata,Teleostei,Eupercaria incertae sedis,,Labridae,1,Gnathostomata,Osteichthyes,,,Thalassoma,Thalassoma lucasanum,,Actinopteri,,,,,,,Actinopterygii,,,
Animalia,Chordata,Vertebrata,Teleostei,Ovalentaria incertae sedis,,Pomacentridae,1,Gnathostomata,Osteichthyes,,,Abudefduf,Abudefduf troschelii,,Actinopteri,,,,,,,Actinopterygii,,,
Animalia,Chordata,Vertebrata,Teleostei,Perciformes,Percoidei,Epinephelidae,1,Gnathostomata,Osteichthyes,,,Epinephelus,Epinephelus labriformis,,Actinopteri,,,,,,,Actinopterygii,,,
Animalia,Chordata,Vertebrata,Teleostei,Perciformes,Percoidei,Serranidae,1,Gnathostomata,Osteichthyes,,,Serranus,Serranus psittacinus,,Actinopteri,,,,,,,Actinopterygii,,,
Animalia,Chordata,Vertebrata,Teleostei,Perciformes,Scorpaenoidei,Scorpaenidae,1,Gnathostomata,Osteichthyes,,,Scorpaena,Scorpaena mystes,,Actinopteri,,,,,,,Actinopterygii,Scorpaeninae,,
Animalia,Chordata,Vertebrata,Teleostei,Tetraodontiformes,,Balistidae,1,Gnathostomata,Osteichthyes,,,Balistes,Balistes polylepis,,Actinopteri,,,,,,,Actinopterygii,,,
Animalia,Chordata,Vertebrata,Teleostei,Tetraodontiformes,,Tetraodontidae,1,Gnathostomata,Osteichthyes,,,Canthigaster,Canthigaster punctatissima,,Actinopteri,,,,,,,Actinopterygii,,,
Animalia,Chordata,Vertebrata,Teleostei,Batrachoidiformes,,Batrachoididae,1,Gnathostomata,Osteichthyes,,,Opsanus,Opsanus beta,,Actinopteri,,,,,,,Actinopterygii,Batrachoidinae,,
Animalia,Chordata,Vertebrata,Teleostei,Eupercaria incertae sedis,,Haemulidae,1,Gnathostomata,Osteichthyes,,,Haemulon,Haemulon flavolineatum,,Actinopteri,,,,,,,Actinopterygii,Haemulinae,,
Animalia,Chordata,Vertebrata,Teleostei,Eupercaria incertae sedis,,Haemulidae,1,Gnathostomata,Osteichthyes,,,Haemulon,Haemulon maculicauda,,Actinopteri,,,,,,,Actinopterygii,Haemulinae,,
Animalia,Chordata,Vertebrata,Teleostei,Eupercaria incertae sedis,,Haemulidae,1,Gnathostomata,Osteichthyes,,,Haemulon,Haemulon sexfasciatum,,Actinopteri,,,,,,,Actinopterygii,Haemulinae,,
Animalia,Chordata,Vertebrata,Teleostei,Eupercaria incertae sedis,,Labridae,1,Gnathostomata,Osteichthyes,,,Halichoeres,Halichoeres chierchiae,,Actinopteri,,,,,,,Actinopterygii,,,
Animalia,Chordata,Vertebrata,Teleostei,Eupercaria incertae sedis,,Labridae,1,Gnathostomata,Osteichthyes,,,Halichoeres,Halichoeres dispilus,,Actinopteri,,,,,,,Actinopterygii,,,
Animalia,Chordata,Vertebrata,Teleostei,Eupercaria incertae sedis,,Labridae,1,Gnathostomata,Osteichthyes,,,Halichoeres,Halichoeres nicholsi,,Actinopteri,,,,,,,Actinopterygii,,,
Animalia,Chordata,Vertebrata,Teleostei,Perciformes,Percoidei,Grammistidae,1,Gnathostomata,Osteichthyes,,,Rypticus,Rypticus bicolor,,Actinopteri,,,,,,,Actinopterygii,,,
Animalia,Chordata,Vertebrata,Teleostei,Acanthuriformes,,Pomacanthidae,1,Gnathostomata,Osteichthyes,,,Holacanthus,Holacanthus passer,,Actinopteri,,,,,,,Actinopterygii,,,
Animalia,Chordata,Vertebrata,Teleostei,Acanthuriformes,,Pomacanthidae,1,Gnathostomata,Osteichthyes,,,Pomacanthus,Pomacanthus zonipectus,,Actinopteri,,,,,,,Actinopterygii,,,
Animalia,Chordata,Vertebrata,Teleostei,Eupercaria incertae sedis,,Lutjanidae,1,Gnathostomata,Osteichthyes,,,Lutjanus,Lutjanus argentiventris,,Actinopteri,,,,,,,Actinopterygii,,,
Animalia,Chordata,Vertebrata,Teleostei,Eupercaria incertae sedis,,Lutjanidae,1,Gnathostomata,Osteichthyes,,,Lutjanus,Lutjanus viridis,,Actinopteri,,,,,,,Actinopterygii,,,
Animalia,Chordata,Vertebrata,Teleostei,Ovalentaria incertae sedis,,Pomacentridae,1,Gnathostomata,Osteichthyes,,,Stegastes,Stegastes acapulcoensis,,Actinopteri,,,,,,,Actinopterygii,,,
Animalia,Chordata,Vertebrata,Teleostei,Ovalentaria incertae sedis,,Pomacentridae,1,Gnathostomata,Osteichthyes,,,Stegastes,Stegastes flavilatus,,Actinopteri,,,,,,,Actinopterygii,,,
Animalia,Chordata,Vertebrata,Teleostei,Tetraodontiformes,,Balistidae,1,Gnathostomata,Osteichthyes,,,Sufflamen,Sufflamen verres,,Actinopteri,,,,,,,Actinopterygii,,,
Animalia,Chordata,Vertebrata,Teleostei,Perciformes,Percoidei,Epinephelidae,1,Gnathostomata,Osteichthyes,,,Cephalopholis,Cephalopholis panamensis,,Actinopteri,,,,,,,Actinopterygii,,,
Animalia,Chordata,Vertebrata,Teleostei,Tetraodontiformes,,Balistidae,1,Gnathostomata,Osteichthyes,,,Pseudobalistes,Pseudobalistes naufragium,,Actinopteri,,,,,,,Actinopterygii,,,
Animalia,Chordata,Vertebrata,Teleostei,Eupercaria incertae sedis,,Haemulidae,1,Gnathostomata,Osteichthyes,,,Anisotremus,Anisotremus davidsonii,,Actinopteri,,,,,,,Actinopterygii,Haemulinae,,
Animalia,Chordata,Vertebrata,Teleostei,Eupercaria incertae sedis,,Haemulidae,1,Gnathostomata,Osteichthyes,,,Anisotremus,Anisotremus taeniatus,,Actinopteri,,,,,,,Actinopterygii,Haemulinae,,
Animalia,Chordata,Vertebrata,Teleostei,Eupercaria incertae sedis,,Haemulidae,1,Gnathostomata,Osteichthyes,,,Anisotremus,Anisotremus virginicus,,Actinopteri,,,,,,,Actinopterygii,Haemulinae,,
Animalia,Chordata,Vertebrata,Teleostei,Perciformes,Cottoidei,Cottidae,1,Gnathostomata,Osteichthyes,,,Clinocottus,Clinocottus analis,,Actinopteri,,,,,,,Actinopterygii,,,
Animalia,Chordata,Vertebrata,Teleostei,Eupercaria incertae sedis,,Lutjanidae,1,Gnathostomata,Osteichthyes,,,Hoplopagrus,Hoplopagrus guentherii,,Actinopteri,,,,,,,Actinopterygii,,,
Animalia,Chordata,Vertebrata,Teleostei,Acanthuriformes,,Chaetodontidae,1,Gnathostomata,Osteichthyes,,,Johnrandallia,Johnrandallia nigrirostris,,Actinopteri,,,,,,,Actinopterygii,,,
Animalia,Chordata,Vertebrata,Teleostei,Perciformes,Percoidei,Serranidae,1,Gnathostomata,Osteichthyes,,,Paralabrax,Paralabrax clathratus,,Actinopteri,,,,,,,Actinopterygii,,,
Animalia,Chordata,Vertebrata,Teleostei,Acanthuriformes,,Ephippidae,1,Gnathostomata,Osteichthyes,,,Parapsettus,Parapsettus panamensis,,Actinopteri,,,,,,,Actinopterygii,,,
Animalia,Chordata,Vertebrata,Teleostei,Eupercaria incertae sedis,,Sciaenidae,1,Gnathostomata,Osteichthyes,,,Pareques,Pareques acuminatus,,Actinopteri,,,,,,,Actinopterygii,,,
Animalia,Chordata,Vertebrata,Teleostei,Eupercaria incertae sedis,,Haemulidae,1,Gnathostomata,Osteichthyes,,,Xenichthys,Xenichthys xanti,,Actinopteri,,,,,,,Actinopterygii,Haemulinae,,
Animalia,Cnidaria,Anthozoa,Hexacorallia,Actiniaria,Enthemonae,Actiniidae,1,,,,,Anthopleura,Anthopleura elegantissima,Actinioidea,,,,,,,,,,,
Animalia,Cnidaria,Anthozoa,Hexacorallia,Actiniaria,Enthemonae,Actiniidae,1,,,,,Anthopleura,Anthopleura xanthogrammica,Actinioidea,,,,,,,,,,,
Animalia,Cnidaria,Anthozoa,Octocorallia,Malacalcyonacea,,Gorgoniidae,1,,,,,Leptogorgia,Leptogorgia alba,,,,,,,,,,,,
Animalia,Cnidaria,Medusozoa,Scyphozoa,Semaeostomeae,,Cyaneidae,1,,,Discomedusae,,Cyanea,Cyanea ferruginea,,,,,,,,,,,,
Animalia,Cnidaria,Medusozoa,Hydrozoa,Anthoathecata,Capitata,Milleporidae,1,,,Hydroidolina,,Millepora,Millepora complanata,,,,,,,,,,,,
Animalia,Cnidaria,Anthozoa,Octocorallia,Malacalcyonacea,,Plexauridae,1,,,,,Muricea,Muricea californica,,,,,,,,,,,,
Animalia,Cnidaria,Anthozoa,Hexacorallia,Scleractinia,Refertina,Agariciidae,1,,,,,Agaricia,Agaricia tenuifolia,,,,,,,,,,,,
Animalia,Cnidaria,Anthozoa,Hexacorallia,Scleractinia,Refertina,Acroporidae,1,,,,,Acropora,Acropora palmata,,,,,,,,,,,,
Animalia,Cnidaria,Anthozoa,Hexacorallia,Zoantharia,Brachycnemina,Sphenopidae,1,,,,,Palythoa,Palythoa caribaeorum,,,,,,,,,,,,
Animalia,Cnidaria,Anthozoa,Hexacorallia,Scleractinia,Refertina,Agariciidae,1,,,,,Pavona,Pavona gigantea,,,,,,,,,,,,
Animalia,Cnidaria,Anthozoa,Hexacorallia,Scleractinia,Vacatina,Faviidae,1,,,,,Diploria,Diploria labyrinthiformis,,,,,,,,,,Faviinae,,
Animalia,Cnidaria,Anthozoa,Hexacorallia,Antipatharia,,Myriopathidae,1,,,,,Myriopathes,Myriopathes panamensis,,,,,,,,,,,,
Animalia,Cnidaria,Medusozoa,Scyphozoa,Semaeostomeae,,Ulmaridae,1,,,Discomedusae,,Stellamedusa,Stellamedusa ventana,,,,,,,,,,Stellamedusinae,,
Animalia,Cnidaria,Anthozoa,Hexacorallia,Actiniaria,Enthemonae,Stichodactylidae,1,,,,,Stichodactyla,Stichodactyla helianthus,Actinioidea,,,,,,,,,,,
Animalia,Cnidaria,Anthozoa,Hexacorallia,Scleractinia,Refertina,Dendrophylliidae,1,,,,,Tubastraea,Tubastraea coccinea,,,,,,,,,,,,
Animalia,Echinodermata,Asterozoa,Asteroidea,Valvatida,,Ophidiasteridae,1,,,Ambuloasteroidea,Neoasteroidea,Pharia,Pharia pyramidata,,,Valvatacea,,,,,,,,,
Animalia,Echinodermata,Asterozoa,Asteroidea,Valvatida,,Ophidiasteridae,1,,,Ambuloasteroidea,Neoasteroidea,Phataria,Phataria unifascialis,,,Valvatacea,,,,,,,,,
Animalia,Chordata,Vertebrata,Teleostei,Carangiformes,,Carangidae,1,Gnathostomata,Osteichthyes,,,Caranx,Caranx bartholomaei,,Actinopteri,,,,,,,Actinopterygii,,,
Animalia,Chordata,Vertebrata,Teleostei,Carangiformes,,Carangidae,1,Gnathostomata,Osteichthyes,,,Caranx,Caranx ruber,,Actinopteri,,,,,,,Actinopterygii,,,
Animalia,Mollusca,,Cephalopoda,Octopoda,Incirrata,Octopodidae,1,,,Coleoidea,,Octopus,Octopus bimaculatus,Octopodoidea,,Octopodiformes,,,,,,,,,
Animalia,Arthropoda,Crustacea,Malacostraca,Decapoda,Pleocyemata,Diogenidae,1,,,Eumalacostraca,,Aniculus,Aniculus elegans,Paguroidea,Multicrustacea,Eucarida,Anomura,,,,,,,,
Animalia,Mollusca,,Polyplacophora,Chitonida,Chitonina,Ischnochitonidae,1,,,Neoloricata,,Stenoplax,,Chitonoidea,,,,,,,,,,,
Animalia,Mollusca,,Bivalvia,Mytilida,,Mytilidae,1,,,Autobranchia,Pteriomorphia,Mytilus,Mytilus californianus,Mytiloidea,,,,,,,,,Mytilinae,,
Animalia,Echinodermata,Echinozoa,Echinoidea,Camarodonta,,Toxopneustidae,1,,,Euechinoidea,Carinacea,Lytechinus,Lytechinus variegatus,Odontophora,,,Echinidea,,,Echinacea,,,,,
Animalia,Echinodermata,Asterozoa,Asteroidea,Spinulosida,,Echinasteridae,1,,,Ambuloasteroidea,Neoasteroidea,Henricia,Henricia leviuscula,,,Spinulosacea,,,,,,,,,
Animalia,Echinodermata,Asterozoa,Asteroidea,Forcipulatida,,Asteriidae,1,,,Ambuloasteroidea,Neoasteroidea,Leptasterias,Leptasterias hexactis,,,Forcipulatacea,,,,,,,,,
Animalia,Echinodermata,Asterozoa,Asteroidea,Valvatida,,Oreasteridae,1,,,Ambuloasteroidea,Neoasteroidea,Pentaceraster,Pentaceraster cumingi,,,Valvatacea,,,,,,,,,
Animalia,Echinodermata,Asterozoa,Asteroidea,Valvatida,,Mithrodiidae,1,,,Ambuloasteroidea,Neoasteroidea,Mithrodia,Mithrodia bradleyi,,,Valvatacea,,,,,,,,,
Animalia,Echinodermata,Asterozoa,Asteroidea,Valvatida,,Asterinidae,1,,,Ambuloasteroidea,Neoasteroidea,Patiria,Patiria miniata,,,Valvatacea,,,,,,,,,
Animalia,Mollusca,,Polyplacophora,Chitonida,Acanthochitonina,Tonicellidae,1,,,Neoloricata,,Nuttallina,,Mopalioidea,,,,,,,,,Tonicellinae,,
Animalia,Mollusca,,Polyplacophora,Chitonida,Chitonina,Chitonidae,1,,,Neoloricata,,Tonicia,Tonicia forbesii,Chitonoidea,,,,,,,,,Toniciinae,,
Animalia,Mollusca,,Polyplacophora,Chitonida,Acanthochitonina,Mopaliidae,1,,,Neoloricata,,Katharina,Katharina tunicata,Mopalioidea,,,,,,,,,Mopaliinae,,
Animalia,Mollusca,,Polyplacophora,Chitonida,Acanthochitonina,Mopaliidae,1,,,Neoloricata,,Mopalia,Mopalia muscosa,Mopalioidea,,,,,,,,,Mopaliinae,,
Animalia,Mollusca,,Polyplacophora,Chitonida,Chitonina,Chitonidae,1,,,Neoloricata,,Chiton,Chiton stokesii,Chitonoidea,,,,,,,,,Chitoninae,,
Animalia,Cnidaria,Anthozoa,Octocorallia,Malacalcyonacea,,Carijoidae,1,,,,,Carijoa,Carijoa riisei,,,,,,,,,,,,
Animalia,Echinodermata,Echinozoa,Echinoidea,Cidaroida,,Cidaridae,1,,,Cidaroidea,,Eucidaris,Eucidaris tribuloides,Cidaroidea,,,,,,,,,Cidarinae,,
Animalia,Mollusca,,Gastropoda,Littorinimorpha,,Tonnidae,1,,,Caenogastropoda,,Malea,Malea ringens,Tonnoidea,,,,,,,,,,,
Animalia,Mollusca,,Gastropoda,Neogastropoda,,Pisaniidae,1,,,Caenogastropoda,,Gemophos,,Buccinoidea,,,,,,,,,,,
Animalia,Echinodermata,Echinozoa,Echinoidea,Camarodonta,,Toxopneustidae,1,,,Euechinoidea,Carinacea,Tripneustes,Tripneustes ventricosus,Odontophora,,,Echinidea,,,Echinacea,,,,,
Animalia,Echinodermata,Echinozoa,Echinoidea,Camarodonta,,Echinometridae,1,,,Euechinoidea,Carinacea,Echinometra,Echinometra viridis,Odontophora,,,Echinidea,,,Echinacea,,,,,
Animalia,Echinodermata,Echinozoa,Echinoidea,Clypeasteroida,Clypeasterina,Clypeasteridae,1,,,Euechinoidea,Irregularia,Clypeaster,Clypeaster subdepressus,,,Luminacea,,,,Neognathostomata,,,,,
Animalia,Arthropoda,Crustacea,Malacostraca,Decapoda,Pleocyemata,Inachoididae,1,,,Eumalacostraca,,Stenorhynchus,Stenorhynchus debilis,Majoidea,Multicrustacea,Eucarida,Brachyura,Eubrachyura,Heterotremata,,,,Stenorhynchinae,,
Animalia,Mollusca,,Bivalvia,Ostreida,,Margaritidae,1,,,Autobranchia,Pteriomorphia,Pinctada,Pinctada mazatlanica,Pterioidea,,,,,,,,,,,
Animalia,Mollusca,,Gastropoda,Neogastropoda,,Austrosiphonidae,1,,,Caenogastropoda,,Kelletia,Kelletia kelletii,Buccinoidea,,,,,,,,,,,
Animalia,Echinodermata,Echinozoa,Echinoidea,Diadematoida,,Diadematidae,1,,,Euechinoidea,Aulodonta,Astropyga,Astropyga pulvinata,,,Diadematacea,,,,,,,,,
Animalia,Echinodermata,Echinozoa,Echinoidea,Diadematoida,,Diadematidae,1,,,Euechinoidea,Aulodonta,Diadema,Diadema mexicanum,,,Diadematacea,,,,,,,,,
Animalia,Echinodermata,Echinozoa,Echinoidea,Camarodonta,,Echinometridae,1,,,Euechinoidea,Carinacea,Echinometra,Echinometra vanbrunti,Odontophora,,,Echinidea,,,Echinacea,,,,,
Animalia,Echinodermata,Echinozoa,Echinoidea,Cidaroida,,Cidaridae,1,,,Cidaroidea,,Eucidaris,Eucidaris thouarsii,Cidaroidea,,,,,,,,,Cidarinae,,
Animalia,Echinodermata,Echinozoa,Echinoidea,Camarodonta,,Toxopneustidae,1,,,Euechinoidea,Carinacea,Toxopneustes,Toxopneustes roseus,Odontophora,,,Echinidea,,,Echinacea,,,,,
Animalia,Echinodermata,Echinozoa,Echinoidea,Camarodonta,,Toxopneustidae,1,,,Euechinoidea,Carinacea,Tripneustes,Tripneustes depressus,Odontophora,,,Echinidea,,,Echinacea,,,,,
Animalia,Mollusca,,Gastropoda,Trochida,,Turbinidae,1,,,Vetigastropoda,,Megastraea,Megastraea undosa,Trochoidea,,,,,,,,,Turbininae,,
Animalia,Echinodermata,Echinozoa,Holothuroidea,Apodida,,Synaptidae,1,,,Paractinopoda,,Leptosynapta,Leptosynapta clarki,,,,,,,,,,,,
Animalia,Echinodermata,Echinozoa,Holothuroidea,Dendrochirotida,,Cucumariidae,1,,,Actinopoda,,Cucumaria,Cucumaria flamma,,,,,,,,,,,,
Animalia,Echinodermata,Echinozoa,Holothuroidea,Dendrochirotida,,Sclerodactylidae,1,,,Actinopoda,,Eupentacta,Eupentacta quinquesemita,,,,,,,,,,,,
Animalia,Echinodermata,Echinozoa,Holothuroidea,Synallactida,,Stichopodidae,1,,,Actinopoda,,Apostichopus,Apostichopus californicus,,,,,,,,,,,,
Animalia,Echinodermata,Echinozoa,Holothuroidea,Synallactida,,Stichopodidae,1,,,Actinopoda,,Isostichopus,Isostichopus fuscus,,,,,,,,,,,,
Animalia,Echinodermata,Echinozoa,Holothuroidea,Dendrochirotida,,Cucumariidae,1,,,Actinopoda,,Pseudocnus,Pseudocnus californicus,,,,,,,,,,,,
Animalia,Mollusca,,Gastropoda,Nudibranchia,Doridina,Polyceridae,1,,,Heterobranchia,Euthyneura,Triopha,Triopha maculata,Polyceroidea,,Nudipleura,Doridoidei,,,Ringipleura,,,Triophinae,,
Animalia,Arthropoda,Crustacea,Thecostraca,Pollicipedomorpha,,Pollicipedidae,1,,,Cirripedia,Thoracica,Pollicipes,Pollicipes polymerus,,Multicrustacea,Thoracicalcarea,,,,,,,,,
Animalia,Mollusca,,Gastropoda,Nudibranchia,Doridina,Corambidae,1,,,Heterobranchia,Euthyneura,Corambe,Corambe pacifica,Onchidoridoidea,,Nudipleura,Doridoidei,,,Ringipleura,,,,,
Animalia,Porifera,,,,,,1,,,,,,,,,,,,,,,,,,
Animalia,Mollusca,,Gastropoda,Nudibranchia,Doridina,Chromodorididae,1,,,Heterobranchia,Euthyneura,Chromolaichma,Chromolaichma sedna,Chromodoridoidea,,Nudipleura,Doridoidei,,,Ringipleura,,,Chromodoridinae,,
Animalia,Mollusca,,Gastropoda,Nudibranchia,Cladobranchia,Arminidae,1,,,Heterobranchia,Euthyneura,Armina,Armina californica,Arminoidea,,Nudipleura,,,,Ringipleura,,,,,
Animalia,Mollusca,,Gastropoda,Aplysiida,,Aplysiidae,1,,,Heterobranchia,Euthyneura,Aplysia,Aplysia vaccaria,Aplysioidea,,,,,,Tectipleura,,,,,
Animalia,Mollusca,,Gastropoda,Cephalaspidea,,Haminoeidae,1,,,Heterobranchia,Euthyneura,Haminoea,Haminoea vesicula,Haminoeoidea,,,,,,Tectipleura,,,,,
Animalia,Mollusca,,Gastropoda,Nudibranchia,Cladobranchia,Tethydidae,1,,,Heterobranchia,Euthyneura,Melibe,Melibe leonina,Dendronotoidea,,Nudipleura,,,,Ringipleura,,,,,
Animalia,Mollusca,,Gastropoda,Littorinimorpha,,Cypraeidae,1,,,Caenogastropoda,,Neobernaya,Neobernaya spadicea,Cypraeoidea,,,,,,,,,Zonariinae,,Pseudozonariini
Animalia,Mollusca,,Gastropoda,Nudibranchia,Doridina,Dorididae,1,,,Heterobranchia,Euthyneura,Doris,Doris montereyensis,Doridoidea,,Nudipleura,Doridoidei,,,Ringipleura,,,,,
Animalia,Echinodermata,Echinozoa,Echinoidea,Camarodonta,,Strongylocentrotidae,1,,,Euechinoidea,Carinacea,Mesocentrotus,Mesocentrotus franciscanus,Odontophora,,,Echinidea,,,Echinacea,,,,,
Animalia,Cnidaria,Anthozoa,Hexacorallia,Actiniaria,Enthemonae,Actiniidae,1,,,,,Bunodosoma,Bunodosoma grande,Actinioidea,,,,,,,,,,,
Animalia,Mollusca,,Gastropoda,Neogastropoda,,Muricidae,1,,,Caenogastropoda,,Hexaplex,Hexaplex princeps,Muricoidea,,,,,,,,,Muricinae,,
Animalia,Cnidaria,Anthozoa,Octocorallia,Malacalcyonacea,,Gorgoniidae,1,,,,,Antillogorgia,Antillogorgia americana,,,,,,,,,,,,
Animalia,Chordata,Vertebrata,Teleostei,Perciformes,Percoidei,Serranidae,1,Gnathostomata,Osteichthyes,,,Hypoplectrus,Hypoplectrus ecosur,,Actinopteri,,,,,,,Actinopterygii,,,
Animalia,Chordata,Vertebrata,Elasmobranchii,Myliobatiformes,,Aetobatidae,1,Gnathostomata,Chondrichthyes,Neoselachii,Batoidea,Aetobatus,Aetobatus laticeps,,,,,,,,,,,,
Animalia,Cnidaria,Anthozoa,Hexacorallia,Scleractinia,Vacatina,Faviidae,1,,,,,Pseudodiploria,Pseudodiploria clivosa,,,,,,,,,,Faviinae,,
Animalia,Mollusca,,Polyplacophora,Chitonida,Chitonina,Ischnochitonidae,1,,,Neoloricata,,Stenoplax,Stenoplax conspicua,Chitonoidea,,,,,,,,,,,
Animalia,Cnidaria,Anthozoa,Hexacorallia,Actiniaria,Enthemonae,,1,,,,,,,,,,,,,,,,,,
Animalia,Chordata,Vertebrata,Teleostei,Ovalentaria incertae sedis,,Pomacentridae,1,Gnathostomata,Osteichthyes,,,Similiparma,Similiparma lurida,,Actinopteri,,,,,,,Actinopterygii,,,
Animalia,Mollusca,,Gastropoda,Nudibranchia,Doridina,Discodorididae,1,,,Heterobranchia,Euthyneura,Diaulula,Diaulula odonoghuei,Doridoidea,,Nudipleura,Doridoidei,,,Ringipleura,,,,,
Animalia,Annelida,,Polychaeta,,,Maldanidae,1,,,Sedentaria,Scolecida,,,,,,,,,,,,,,
Animalia,Annelida,,Polychaeta,Terebellida,Terebelliformia,Terebellidae,1,,,Sedentaria,Canalipalpata,,,,,,,,,,,,,,
Animalia,Annelida,,Polychaeta,Sabellida,,Sabellidae,1,,,Sedentaria,Canalipalpata,,,,,,,,,,,,,,
Animalia,Annelida,,Polychaeta,Sabellida,,Serpulidae,1,,,Sedentaria,Canalipalpata,,,,,,,,,,,,,,
